{
  "type": "FeatureCollection",
  "features": [
    {
      "type": "Feature",
      "geometry": {
        "type": "Point",
        "coordinates": [
          -74.0836171,
          40.6042954
        ]
      },
      "properties": {
        "name": "La Vera Pizzeria",
        "cat": "Pizza restaurant",
        "g": "pizza",
        "addr": "2071 Clove Rd",
        "score": 4.9
      }
    },
    {
      "type": "Feature",
      "geometry": {
        "type": "Point",
        "coordinates": [
          -74.1093209,
          40.5798295
        ]
      },
      "properties": {
        "name": "Napoli Pizza",
        "cat": "Pizza restaurant",
        "g": "pizza",
        "addr": "97 Lincoln Ave",
        "score": 4.8
      }
    },
    {
      "type": "Feature",
      "geometry": {
        "type": "Point",
        "coordinates": [
          -74.1402479,
          40.6302068
        ]
      },
      "properties": {
        "name": "Denino’s Pizzeria & Tavern",
        "cat": "Pizza restaurant",
        "g": "pizza",
        "addr": "524 Port Richmond Ave",
        "score": 4.6
      }
    },
    {
      "type": "Feature",
      "geometry": {
        "type": "Point",
        "coordinates": [
          -74.1331945,
          40.6261883
        ]
      },
      "properties": {
        "name": "Ungaro Coal Fired Pizza Cafe",
        "cat": "Pizza restaurant",
        "g": "pizza",
        "addr": "1298 Forest Ave",
        "score": 4.7
      }
    },
    {
      "type": "Feature",
      "geometry": {
        "type": "Point",
        "coordinates": [
          -74.0673442,
          40.6152011
        ]
      },
      "properties": {
        "name": "Tony's Brick Oven",
        "cat": "Pizza restaurant",
        "g": "pizza",
        "addr": "1140 Bay St",
        "score": 4.5
      }
    },
    {
      "type": "Feature",
      "geometry": {
        "type": "Point",
        "coordinates": [
          -74.1501177,
          40.5512163
        ]
      },
      "properties": {
        "name": "Mimmo's Brick Oven Pizza & Trattoria",
        "cat": "Pizza restaurant",
        "g": "pizza",
        "addr": "15 Giffords Ln",
        "score": 4.5
      }
    },
    {
      "type": "Feature",
      "geometry": {
        "type": "Point",
        "coordinates": [
          -74.1278914,
          40.5754907
        ]
      },
      "properties": {
        "name": "Pizza Mia",
        "cat": "Pizza restaurant",
        "g": "pizza",
        "addr": "3201 Richmond Rd Ste B",
        "score": 4.5
      }
    },
    {
      "type": "Feature",
      "geometry": {
        "type": "Point",
        "coordinates": [
          -74.0933692,
          40.5721968
        ]
      },
      "properties": {
        "name": "Amalfi Coast Pizzeria and Restaurant Inc",
        "cat": "Pizza restaurant",
        "g": "pizza",
        "addr": "572 Midland Ave",
        "score": 4.5
      }
    },
    {
      "type": "Feature",
      "geometry": {
        "type": "Point",
        "coordinates": [
          -74.182886,
          40.5657706
        ]
      },
      "properties": {
        "name": "Casa Nino's Pizza Bar",
        "cat": "Pizza restaurant",
        "g": "pizza",
        "addr": "1281 Arthur Kill Rd",
        "score": 4.6
      }
    },
    {
      "type": "Feature",
      "geometry": {
        "type": "Point",
        "coordinates": [
          -74.113124,
          40.5720845
        ]
      },
      "properties": {
        "name": "Pizzeria Giove",
        "cat": "Pizza restaurant",
        "g": "pizza",
        "addr": "278 New Dorp Ln",
        "score": 4.5
      }
    },
    {
      "type": "Feature",
      "geometry": {
        "type": "Point",
        "coordinates": [
          -74.1766281,
          40.6013804
        ]
      },
      "properties": {
        "name": "Ti Amo Pizza",
        "cat": "Pizza restaurant",
        "g": "pizza",
        "addr": "3555 Victory Blvd",
        "score": 4.6
      }
    },
    {
      "type": "Feature",
      "geometry": {
        "type": "Point",
        "coordinates": [
          -74.1652023,
          40.5438827
        ]
      },
      "properties": {
        "name": "Sal & Lloyd's Pizza Place",
        "cat": "Pizza restaurant",
        "g": "pizza",
        "addr": "3850 Richmond Ave",
        "score": 4.7
      }
    },
    {
      "type": "Feature",
      "geometry": {
        "type": "Point",
        "coordinates": [
          -74.0993573,
          40.6203273
        ]
      },
      "properties": {
        "name": "DOUGH by Licastri Silver Lake",
        "cat": "Pizza restaurant",
        "g": "pizza",
        "addr": "977 Victory Blvd",
        "score": 4.6
      }
    },
    {
      "type": "Feature",
      "geometry": {
        "type": "Point",
        "coordinates": [
          -74.1107991,
          40.6348652
        ]
      },
      "properties": {
        "name": "La Torretta Pizzeria",
        "cat": "Pizza restaurant",
        "g": "pizza",
        "addr": "853 Castleton Ave",
        "score": 4.6
      }
    },
    {
      "type": "Feature",
      "geometry": {
        "type": "Point",
        "coordinates": [
          -74.1633123,
          40.6262547
        ]
      },
      "properties": {
        "name": "Verde's Pizza & Pasta House",
        "cat": "Pizza restaurant",
        "g": "pizza",
        "addr": "2220B Forest Ave",
        "score": 4.5
      }
    },
    {
      "type": "Feature",
      "geometry": {
        "type": "Point",
        "coordinates": [
          -74.1437842,
          40.6255202
        ]
      },
      "properties": {
        "name": "Brother's Pizzeria",
        "cat": "Pizza restaurant",
        "g": "pizza",
        "addr": "750 Port Richmond Ave",
        "score": 4.4
      }
    },
    {
      "type": "Feature",
      "geometry": {
        "type": "Point",
        "coordinates": [
          -74.1971929,
          40.5596981
        ]
      },
      "properties": {
        "name": "Royal Pizza",
        "cat": "Pizza restaurant",
        "g": "pizza",
        "addr": "1757 Arthur Kill Rd",
        "score": 4.8
      }
    },
    {
      "type": "Feature",
      "geometry": {
        "type": "Point",
        "coordinates": [
          -74.0279046,
          40.6308656
        ]
      },
      "properties": {
        "name": "Anna Bella Pizza Café",
        "cat": "Pizza restaurant",
        "g": "pizza",
        "addr": "7521 3rd Ave",
        "score": 5
      }
    },
    {
      "type": "Feature",
      "geometry": {
        "type": "Point",
        "coordinates": [
          -74.0937593,
          40.5852436
        ]
      },
      "properties": {
        "name": "Campania Coal-Fired Pizza",
        "cat": "Pizza restaurant",
        "g": "pizza",
        "addr": "1801 Hylan Blvd",
        "score": 4.4
      }
    },
    {
      "type": "Feature",
      "geometry": {
        "type": "Point",
        "coordinates": [
          -74.1642041,
          40.5910843
        ]
      },
      "properties": {
        "name": "Mr Pizza's Pasta House",
        "cat": "Pizza restaurant",
        "g": "pizza",
        "addr": "2325 Richmond Ave",
        "score": 4.3
      }
    },
    {
      "type": "Feature",
      "geometry": {
        "type": "Point",
        "coordinates": [
          -74.2106184,
          40.5508271
        ]
      },
      "properties": {
        "name": "Mamma Mia Pizzeria & Cucina",
        "cat": "Pizza restaurant",
        "g": "pizza",
        "addr": "55 Gunton Pl",
        "score": 4.3
      }
    },
    {
      "type": "Feature",
      "geometry": {
        "type": "Point",
        "coordinates": [
          -74.2106081,
          40.5508372
        ]
      },
      "properties": {
        "name": "Rossville Best Pizza & Pasta",
        "cat": "Pizza restaurant",
        "g": "pizza",
        "addr": "55 Gunton Pl suite 7",
        "score": 4.6
      }
    },
    {
      "type": "Feature",
      "geometry": {
        "type": "Point",
        "coordinates": [
          -74.135381,
          40.56101
        ]
      },
      "properties": {
        "name": "Domenico's Pizzeria",
        "cat": "Pizza restaurant",
        "g": "pizza",
        "addr": "3295 Amboy Rd",
        "score": 4.5
      }
    },
    {
      "type": "Feature",
      "geometry": {
        "type": "Point",
        "coordinates": [
          -74.130396,
          40.6262208
        ]
      },
      "properties": {
        "name": "Metro Pizza",
        "cat": "Pizza restaurant",
        "g": "pizza",
        "addr": "1218 Forest Ave",
        "score": 4.6
      }
    },
    {
      "type": "Feature",
      "geometry": {
        "type": "Point",
        "coordinates": [
          -74.1645143,
          40.5760054
        ]
      },
      "properties": {
        "name": "Gino's Villa Monte Pizzeria",
        "cat": "Pizza restaurant",
        "g": "pizza",
        "addr": "2811 Richmond Ave",
        "score": 4.3
      }
    },
    {
      "type": "Feature",
      "geometry": {
        "type": "Point",
        "coordinates": [
          -74.1589282,
          40.545628
        ]
      },
      "properties": {
        "name": "Original Giuseppes Pizza",
        "cat": "Pizza restaurant",
        "g": "pizza",
        "addr": "4300 Amboy Rd",
        "score": 4.6
      }
    },
    {
      "type": "Feature",
      "geometry": {
        "type": "Point",
        "coordinates": [
          -74.1354539,
          40.6346218
        ]
      },
      "properties": {
        "name": "Piccolo Pinos Pizzeria",
        "cat": "Pizza restaurant",
        "g": "pizza",
        "addr": "275 Port Richmond Ave",
        "score": 4.4
      }
    },
    {
      "type": "Feature",
      "geometry": {
        "type": "Point",
        "coordinates": [
          -74.1167355,
          40.5734799
        ]
      },
      "properties": {
        "name": "Plaza Pizza",
        "cat": "Pizza restaurant",
        "g": "pizza",
        "addr": "50 New Dorp Plaza",
        "score": 4.4
      }
    },
    {
      "type": "Feature",
      "geometry": {
        "type": "Point",
        "coordinates": [
          -74.1314055,
          40.6036606
        ]
      },
      "properties": {
        "name": "BRADLEY PIZZA Fresh and Tasty",
        "cat": "Pizza restaurant",
        "g": "pizza",
        "addr": "311 Bradley Ave",
        "score": 4.5
      }
    },
    {
      "type": "Feature",
      "geometry": {
        "type": "Point",
        "coordinates": [
          -74.1511917,
          40.5511082
        ]
      },
      "properties": {
        "name": "Nonna's Pizza Great Kills",
        "cat": "Pizza restaurant",
        "g": "pizza",
        "addr": "27 Brower Ct",
        "score": 4.5
      }
    },
    {
      "type": "Feature",
      "geometry": {
        "type": "Point",
        "coordinates": [
          -74.1351673,
          40.6253039
        ]
      },
      "properties": {
        "name": "North Shore Pizza",
        "cat": "Pizza restaurant",
        "g": "pizza",
        "addr": "1376 Forest Ave",
        "score": 4.4
      }
    },
    {
      "type": "Feature",
      "geometry": {
        "type": "Point",
        "coordinates": [
          -74.1631487,
          40.6262666
        ]
      },
      "properties": {
        "name": "Marino’s Pizza House",
        "cat": "Pizza restaurant",
        "g": "pizza",
        "addr": "2220 Forest Ave",
        "score": 4.6
      }
    },
    {
      "type": "Feature",
      "geometry": {
        "type": "Point",
        "coordinates": [
          -74.1305854,
          40.6128341
        ]
      },
      "properties": {
        "name": "The Pizza Parlor",
        "cat": "Pizza restaurant",
        "g": "pizza",
        "addr": "Pizza Parlor, 965 Jewett Ave",
        "score": 4
      }
    },
    {
      "type": "Feature",
      "geometry": {
        "type": "Point",
        "coordinates": [
          -74.1807856,
          40.6044702
        ]
      },
      "properties": {
        "name": "Pienza Brick Oven Pizza Café",
        "cat": "Pizza restaurant",
        "g": "pizza",
        "addr": "1441 South Ave",
        "score": 4.1
      }
    },
    {
      "type": "Feature",
      "geometry": {
        "type": "Point",
        "coordinates": [
          -74.092655,
          40.585346
        ]
      },
      "properties": {
        "name": "Prime Pizza Kitchen",
        "cat": "Pizza restaurant",
        "g": "pizza",
        "addr": "1778 Hylan Blvd",
        "score": 4.4
      }
    },
    {
      "type": "Feature",
      "geometry": {
        "type": "Point",
        "coordinates": [
          -74.1086857,
          40.570125
        ]
      },
      "properties": {
        "name": "Bravo Pizza & Sports Bar",
        "cat": "Pizza restaurant",
        "g": "pizza",
        "addr": "413 New Dorp Ln",
        "score": 4.4
      }
    },
    {
      "type": "Feature",
      "geometry": {
        "type": "Point",
        "coordinates": [
          -74.22128,
          40.5495059
        ]
      },
      "properties": {
        "name": "Rossville Pizza",
        "cat": "Pizza restaurant",
        "g": "pizza",
        "addr": "960 Bloomingdale Rd",
        "score": 4.4
      }
    },
    {
      "type": "Feature",
      "geometry": {
        "type": "Point",
        "coordinates": [
          -74.1653819,
          40.5448653
        ]
      },
      "properties": {
        "name": "Pizza Mia Eltingville (Formerly Dough)",
        "cat": "Pizza restaurant",
        "g": "pizza",
        "addr": "3831 Richmond Ave",
        "score": 4.1
      }
    },
    {
      "type": "Feature",
      "geometry": {
        "type": "Point",
        "coordinates": [
          -74.1372898,
          40.6259712
        ]
      },
      "properties": {
        "name": "La Bella Pizza",
        "cat": "Pizza restaurant",
        "g": "pizza",
        "addr": "1499 Forest Ave",
        "score": 4.4
      }
    },
    {
      "type": "Feature",
      "geometry": {
        "type": "Point",
        "coordinates": [
          -74.12189,
          40.608628
        ]
      },
      "properties": {
        "name": "Village Maria Pizza",
        "cat": "Pizza restaurant",
        "g": "pizza",
        "addr": "768 Manor Rd",
        "score": 4.3
      }
    },
    {
      "type": "Feature",
      "geometry": {
        "type": "Point",
        "coordinates": [
          -74.1152226,
          40.5732692
        ]
      },
      "properties": {
        "name": "Avanti's Pizzeria",
        "cat": "Pizza restaurant",
        "g": "pizza",
        "addr": "170 New Dorp Ln",
        "score": 4.2
      }
    },
    {
      "type": "Feature",
      "geometry": {
        "type": "Point",
        "coordinates": [
          -74.129289,
          40.61286
        ]
      },
      "properties": {
        "name": "Round Pie Pizza Company",
        "cat": "Pizza restaurant",
        "g": "pizza",
        "addr": "1957 Victory Blvd",
        "score": 4.5
      }
    },
    {
      "type": "Feature",
      "geometry": {
        "type": "Point",
        "coordinates": [
          -74.0713822,
          40.6128835
        ]
      },
      "properties": {
        "name": "Pizza Mia",
        "cat": "Pizza restaurant",
        "g": "pizza",
        "addr": "529 Tompkins Ave.",
        "score": 4.1
      }
    },
    {
      "type": "Feature",
      "geometry": {
        "type": "Point",
        "coordinates": [
          -74.1508117,
          40.5503418
        ]
      },
      "properties": {
        "name": "Village Maria Pizzeria",
        "cat": "Pizza restaurant",
        "g": "pizza",
        "addr": "3995 Amboy Rd",
        "score": 4
      }
    },
    {
      "type": "Feature",
      "geometry": {
        "type": "Point",
        "coordinates": [
          -74.1039296,
          40.6160482
        ]
      },
      "properties": {
        "name": "Napoli Pizza",
        "cat": "Pizza restaurant",
        "g": "pizza",
        "addr": "1206 Victory Blvd",
        "score": 4
      }
    },
    {
      "type": "Feature",
      "geometry": {
        "type": "Point",
        "coordinates": [
          -74.074393,
          40.6290683
        ]
      },
      "properties": {
        "name": "Seppe Pizza Bar",
        "cat": "Pizza restaurant",
        "g": "pizza",
        "addr": "3 Navy Pier Ct",
        "score": 4.5
      }
    },
    {
      "type": "Feature",
      "geometry": {
        "type": "Point",
        "coordinates": [
          -74.1576795,
          40.6118337
        ]
      },
      "properties": {
        "name": "La Piazza Pizza and Tap",
        "cat": "Pizza restaurant",
        "g": "pizza",
        "addr": "1445 Richmond Ave",
        "score": 4.2
      }
    },
    {
      "type": "Feature",
      "geometry": {
        "type": "Point",
        "coordinates": [
          -74.0670563,
          40.597973
        ]
      },
      "properties": {
        "name": "Via Ponte Pizzeria",
        "cat": "Pizza restaurant",
        "g": "pizza",
        "addr": "147 McClean Ave #149",
        "score": 4.2
      }
    },
    {
      "type": "Feature",
      "geometry": {
        "type": "Point",
        "coordinates": [
          -74.0664425,
          40.5981761
        ]
      },
      "properties": {
        "name": "L & R Pizza & Pasta",
        "cat": "Pizza restaurant",
        "g": "pizza",
        "addr": "133 McClean Ave",
        "score": 4.3
      }
    },
    {
      "type": "Feature",
      "geometry": {
        "type": "Point",
        "coordinates": [
          -74.146137,
          40.610693
        ]
      },
      "properties": {
        "name": "DiLeo's Pizzeria",
        "cat": "Pizza restaurant",
        "g": "pizza",
        "addr": "2491 Victory Blvd",
        "score": 4.1
      }
    },
    {
      "type": "Feature",
      "geometry": {
        "type": "Point",
        "coordinates": [
          -74.087844,
          40.608943
        ]
      },
      "properties": {
        "name": "My Pizza and Restaurant",
        "cat": "Pizza restaurant",
        "g": "pizza",
        "addr": "755 Targee St",
        "score": 4.1
      }
    },
    {
      "type": "Feature",
      "geometry": {
        "type": "Point",
        "coordinates": [
          -74.09602,
          40.5827902
        ]
      },
      "properties": {
        "name": "Lorenzo's Pizza of New York",
        "cat": "Pizza restaurant",
        "g": "pizza",
        "addr": "1910 Hylan Blvd Suite B",
        "score": 4
      }
    },
    {
      "type": "Feature",
      "geometry": {
        "type": "Point",
        "coordinates": [
          -74.0855798,
          40.6337958
        ]
      },
      "properties": {
        "name": "My Family Pizza",
        "cat": "Pizza restaurant",
        "g": "pizza",
        "addr": "340 Victory Blvd",
        "score": 4
      }
    },
    {
      "type": "Feature",
      "geometry": {
        "type": "Point",
        "coordinates": [
          -74.0762324,
          40.6272621
        ]
      },
      "properties": {
        "name": "Bari's Pizza",
        "cat": "Pizza restaurant",
        "g": "pizza",
        "addr": "596 Bay St",
        "score": 4.3
      }
    },
    {
      "type": "Feature",
      "geometry": {
        "type": "Point",
        "coordinates": [
          -74.10177,
          40.588799
        ]
      },
      "properties": {
        "name": "Torino Pizza Cafe",
        "cat": "Pizza restaurant",
        "g": "pizza",
        "addr": "1694 Richmond Rd",
        "score": 3.9
      }
    },
    {
      "type": "Feature",
      "geometry": {
        "type": "Point",
        "coordinates": [
          -74.0260119,
          40.6221369
        ]
      },
      "properties": {
        "name": "Mancini’s Wood-Fired Pizza",
        "cat": "Pizza restaurant",
        "g": "pizza",
        "addr": "8504 5th Ave",
        "score": 4.6
      }
    },
    {
      "type": "Feature",
      "geometry": {
        "type": "Point",
        "coordinates": [
          -74.0950284,
          40.5961395
        ]
      },
      "properties": {
        "name": "Primo Pizzeria",
        "cat": "Pizza restaurant",
        "g": "pizza",
        "addr": "1282 Richmond Rd",
        "score": 4.2
      }
    },
    {
      "type": "Feature",
      "geometry": {
        "type": "Point",
        "coordinates": [
          -74.1473046,
          40.6240011
        ]
      },
      "properties": {
        "name": "Di Farina Pizzeria",
        "cat": "Pizza restaurant",
        "g": "pizza",
        "addr": "1756 Forest Ave",
        "score": 4.3
      }
    },
    {
      "type": "Feature",
      "geometry": {
        "type": "Point",
        "coordinates": [
          -74.1609938,
          40.6263743
        ]
      },
      "properties": {
        "name": "Mama Rosaria's Pizza & Restaurant",
        "cat": "Pizza restaurant",
        "g": "pizza",
        "addr": "2146 Forest Ave",
        "score": 4.1
      }
    },
    {
      "type": "Feature",
      "geometry": {
        "type": "Point",
        "coordinates": [
          -74.026468,
          40.6360005
        ]
      },
      "properties": {
        "name": "SABRA PIZZA & RESTAURANT",
        "cat": "Pizza restaurant",
        "g": "pizza",
        "addr": "271 Bay Ridge Ave",
        "score": 5
      }
    },
    {
      "type": "Feature",
      "geometry": {
        "type": "Point",
        "coordinates": [
          -74.1170915,
          40.6372378
        ]
      },
      "properties": {
        "name": "Primo's Famous Pizzeria",
        "cat": "Pizza restaurant",
        "g": "pizza",
        "addr": "739 Henderson Ave",
        "score": 4.1
      }
    },
    {
      "type": "Feature",
      "geometry": {
        "type": "Point",
        "coordinates": [
          -74.1326405,
          40.6119973
        ]
      },
      "properties": {
        "name": "Paesano's Pizzeria",
        "cat": "Pizza restaurant",
        "g": "pizza",
        "addr": "12 Bradley Ave",
        "score": 4.4
      }
    },
    {
      "type": "Feature",
      "geometry": {
        "type": "Point",
        "coordinates": [
          -74.1629744,
          40.6081439
        ]
      },
      "properties": {
        "name": "Avanti's Pizzeria",
        "cat": "Pizza restaurant",
        "g": "pizza",
        "addr": "1650 Richmond Ave",
        "score": 3.8
      }
    },
    {
      "type": "Feature",
      "geometry": {
        "type": "Point",
        "coordinates": [
          -74.0758298,
          40.6401217
        ]
      },
      "properties": {
        "name": "Pier 76",
        "cat": "Pizza restaurant",
        "g": "pizza",
        "addr": "76 Bay St #2511",
        "score": 4.3
      }
    },
    {
      "type": "Feature",
      "geometry": {
        "type": "Point",
        "coordinates": [
          -74.021369,
          40.633019
        ]
      },
      "properties": {
        "name": "Elegante Pizzeria",
        "cat": "Pizza restaurant",
        "g": "pizza",
        "addr": "6922 5th Ave",
        "score": 4.5
      }
    },
    {
      "type": "Feature",
      "geometry": {
        "type": "Point",
        "coordinates": [
          -74.0873893,
          40.6377292
        ]
      },
      "properties": {
        "name": "Famous New York Pizza",
        "cat": "Pizza restaurant",
        "g": "pizza",
        "addr": "430 Jersey St",
        "score": 3.9
      }
    },
    {
      "type": "Feature",
      "geometry": {
        "type": "Point",
        "coordinates": [
          -74.1138206,
          40.6289507
        ]
      },
      "properties": {
        "name": "Pronto Pizza Pasta",
        "cat": "Pizza restaurant",
        "g": "pizza",
        "addr": "738 Forest Ave",
        "score": 4
      }
    },
    {
      "type": "Feature",
      "geometry": {
        "type": "Point",
        "coordinates": [
          -74.0271415,
          40.6325896
        ]
      },
      "properties": {
        "name": "Vesuvio Restaurant & Pizzeria",
        "cat": "Pizza restaurant",
        "g": "pizza",
        "addr": "7305 3rd Ave",
        "score": 4.4
      }
    },
    {
      "type": "Feature",
      "geometry": {
        "type": "Point",
        "coordinates": [
          -74.1386825,
          40.615977
        ]
      },
      "properties": {
        "name": "Jimmy Max",
        "cat": "Pizza restaurant",
        "g": "pizza",
        "addr": "280 Watchogue Rd",
        "score": 4.5
      }
    },
    {
      "type": "Feature",
      "geometry": {
        "type": "Point",
        "coordinates": [
          -74.0134639,
          40.6149149
        ]
      },
      "properties": {
        "name": "APIZZA: Dyker Pizza Company",
        "cat": "Pizza restaurant",
        "g": "pizza",
        "addr": "8424 13th Ave",
        "score": 4.4
      }
    },
    {
      "type": "Feature",
      "geometry": {
        "type": "Point",
        "coordinates": [
          -74.0304229,
          40.6163105
        ]
      },
      "properties": {
        "name": "Espresso Pizzeria",
        "cat": "Pizza restaurant",
        "g": "pizza",
        "addr": "9403 5th Ave",
        "score": 4.7
      }
    },
    {
      "type": "Feature",
      "geometry": {
        "type": "Point",
        "coordinates": [
          -73.9995537,
          40.6378172
        ]
      },
      "properties": {
        "name": "La Strada Pizzeria",
        "cat": "Pizza restaurant",
        "g": "pizza",
        "addr": "5023 10th Ave",
        "score": 4.4
      }
    },
    {
      "type": "Feature",
      "geometry": {
        "type": "Point",
        "coordinates": [
          -74.0055907,
          40.6224113
        ]
      },
      "properties": {
        "name": "Krispy Pizza- Brooklyn, NY",
        "cat": "Pizza restaurant",
        "g": "pizza",
        "addr": "7112 13th Ave",
        "score": 4.6
      }
    },
    {
      "type": "Feature",
      "geometry": {
        "type": "Point",
        "coordinates": [
          -74.127704,
          40.564994
        ]
      },
      "properties": {
        "name": "Justinos Pizza",
        "cat": "Pizza restaurant",
        "g": "pizza",
        "addr": "89 Guyon Ave",
        "score": 3.6
      }
    },
    {
      "type": "Feature",
      "geometry": {
        "type": "Point",
        "coordinates": [
          -74.027369,
          40.6173623
        ]
      },
      "properties": {
        "name": "Hamilton Pizza",
        "cat": "Pizza restaurant",
        "g": "pizza",
        "addr": "9050 Fort Hamilton Pkwy",
        "score": 4.6
      }
    },
    {
      "type": "Feature",
      "geometry": {
        "type": "Point",
        "coordinates": [
          -74.122097,
          40.612941
        ]
      },
      "properties": {
        "name": "Joe & Pat's Pizzeria & Restaurant",
        "cat": "Pizza restaurant",
        "g": "pizza",
        "addr": "1758 Victory Blvd",
        "score": 4.3
      }
    },
    {
      "type": "Feature",
      "geometry": {
        "type": "Point",
        "coordinates": [
          -74.0265881,
          40.6213271
        ]
      },
      "properties": {
        "name": "Pizza Wagon",
        "cat": "Pizza restaurant",
        "g": "pizza",
        "addr": "8610 5th Ave",
        "score": 4.4
      }
    },
    {
      "type": "Feature",
      "geometry": {
        "type": "Point",
        "coordinates": [
          -74.00838,
          40.619118
        ]
      },
      "properties": {
        "name": "Tony's Pizzeria Corporation",
        "cat": "Pizza restaurant",
        "g": "pizza",
        "addr": "7623 13th Ave",
        "score": 4.5
      }
    },
    {
      "type": "Feature",
      "geometry": {
        "type": "Point",
        "coordinates": [
          -74.0286797,
          40.6298566
        ]
      },
      "properties": {
        "name": "Peppino’s Pizza & Restaurant",
        "cat": "Pizza restaurant",
        "g": "pizza",
        "addr": "7708 3rd Ave",
        "score": 4.6
      }
    },
    {
      "type": "Feature",
      "geometry": {
        "type": "Point",
        "coordinates": [
          -74.1170836,
          40.6372184
        ]
      },
      "properties": {
        "name": "Joe Joe Pizza",
        "cat": "Pizza restaurant",
        "g": "pizza",
        "addr": "739 Henderson Ave",
        "score": 4.2
      }
    },
    {
      "type": "Feature",
      "geometry": {
        "type": "Point",
        "coordinates": [
          -74.023479,
          40.627866
        ]
      },
      "properties": {
        "name": "Bay Ridge Pizza",
        "cat": "Pizza restaurant",
        "g": "pizza",
        "addr": "7704 5th Ave",
        "score": 4.4
      }
    },
    {
      "type": "Feature",
      "geometry": {
        "type": "Point",
        "coordinates": [
          -74.063474,
          40.610016
        ]
      },
      "properties": {
        "name": "Rosebank Pizza",
        "cat": "Pizza restaurant",
        "g": "pizza",
        "addr": "1372 Bay St",
        "score": 4.4
      }
    },
    {
      "type": "Feature",
      "geometry": {
        "type": "Point",
        "coordinates": [
          -74.129673,
          40.630816
        ]
      },
      "properties": {
        "name": "Michaelangelos Pizzeria",
        "cat": "Pizza restaurant",
        "g": "pizza",
        "addr": "860 Post Ave",
        "score": 4.3
      }
    },
    {
      "type": "Feature",
      "geometry": {
        "type": "Point",
        "coordinates": [
          -74.1632561,
          40.6261874
        ]
      },
      "properties": {
        "name": "J and B Pizzeria Restaurant",
        "cat": "Pizza restaurant",
        "g": "pizza",
        "addr": "2220 Forest Ave",
        "score": 3.7
      }
    },
    {
      "type": "Feature",
      "geometry": {
        "type": "Point",
        "coordinates": [
          -74.1690114,
          40.55854
        ]
      },
      "properties": {
        "name": "Pronto Pizza Pasta",
        "cat": "Pizza restaurant",
        "g": "pizza",
        "addr": "3297 Richmond Ave #2137",
        "score": 3.9
      }
    },
    {
      "type": "Feature",
      "geometry": {
        "type": "Point",
        "coordinates": [
          -74.164718,
          40.589666
        ]
      },
      "properties": {
        "name": "Bario's",
        "cat": "Pizza restaurant",
        "g": "pizza",
        "addr": "446 Nome Ave",
        "score": 3.8
      }
    },
    {
      "type": "Feature",
      "geometry": {
        "type": "Point",
        "coordinates": [
          -74.1109538,
          40.5671787
        ]
      },
      "properties": {
        "name": "Patrizia's Pizza, Pasta & Panini",
        "cat": "Pizza restaurant",
        "g": "pizza",
        "addr": "2636 Hylan Blvd Ste 135",
        "score": 4.3
      }
    },
    {
      "type": "Feature",
      "geometry": {
        "type": "Point",
        "coordinates": [
          -73.9995705,
          40.5934574
        ]
      },
      "properties": {
        "name": "Pizza D'Amore",
        "cat": "Pizza restaurant",
        "g": "pizza",
        "addr": "8949 Bay Pkwy",
        "score": 4.1
      }
    },
    {
      "type": "Feature",
      "geometry": {
        "type": "Point",
        "coordinates": [
          -74.079381,
          40.624817
        ]
      },
      "properties": {
        "name": "Frank's Bay Pizza",
        "cat": "Pizza restaurant",
        "g": "pizza",
        "addr": "117 Broad St",
        "score": 4.2
      }
    },
    {
      "type": "Feature",
      "geometry": {
        "type": "Point",
        "coordinates": [
          -74.1296659,
          40.6308134
        ]
      },
      "properties": {
        "name": "Alex’s pizza",
        "cat": "Pizza restaurant",
        "g": "pizza",
        "addr": "860 Post Ave",
        "score": 4.2
      }
    },
    {
      "type": "Feature",
      "geometry": {
        "type": "Point",
        "coordinates": [
          -74.0320126,
          40.6216799
        ]
      },
      "properties": {
        "name": "Nonno's Pizza",
        "cat": "Pizza restaurant",
        "g": "pizza",
        "addr": "8816 3rd Ave",
        "score": 4.4
      }
    },
    {
      "type": "Feature",
      "geometry": {
        "type": "Point",
        "coordinates": [
          -74.1029363,
          40.6310462
        ]
      },
      "properties": {
        "name": "Cafe Milano Pizzeria and Restaurant",
        "cat": "Pizza restaurant",
        "g": "pizza",
        "addr": "401 Forest Ave",
        "score": 4.2
      }
    },
    {
      "type": "Feature",
      "geometry": {
        "type": "Point",
        "coordinates": [
          -74.1917526,
          40.5640336
        ]
      },
      "properties": {
        "name": "Tony's Best Pizza & Pasta",
        "cat": "Pizza restaurant",
        "g": "pizza",
        "addr": "1547 Arthur Kill Rd",
        "score": 4.3
      }
    },
    {
      "type": "Feature",
      "geometry": {
        "type": "Point",
        "coordinates": [
          -74.0116736,
          40.6123786
        ]
      },
      "properties": {
        "name": "Bklyn's Pizza",
        "cat": "Pizza restaurant",
        "g": "pizza",
        "addr": "1406 86th St #3408",
        "score": 4.3
      }
    },
    {
      "type": "Feature",
      "geometry": {
        "type": "Point",
        "coordinates": [
          -74.013472,
          40.627501
        ]
      },
      "properties": {
        "name": "Maria's Pizza",
        "cat": "Pizza restaurant",
        "g": "pizza",
        "addr": "7101 Fort Hamilton Pkwy",
        "score": 4.3
      }
    },
    {
      "type": "Feature",
      "geometry": {
        "type": "Point",
        "coordinates": [
          -74.0966914,
          40.5829373
        ]
      },
      "properties": {
        "name": "Round Pie Pizza Company",
        "cat": "Pizza restaurant",
        "g": "pizza",
        "addr": "1919 Hylan Blvd",
        "score": 4.2
      }
    },
    {
      "type": "Feature",
      "geometry": {
        "type": "Point",
        "coordinates": [
          -74.0030821,
          40.6415354
        ]
      },
      "properties": {
        "name": "Dominick's Pizza",
        "cat": "Pizza restaurant",
        "g": "pizza",
        "addr": "4901 8th Ave",
        "score": 4.3
      }
    },
    {
      "type": "Feature",
      "geometry": {
        "type": "Point",
        "coordinates": [
          -74.0006557,
          40.6123657
        ]
      },
      "properties": {
        "name": "Teri's Pizzeria",
        "cat": "Pizza restaurant",
        "g": "pizza",
        "addr": "7901 17th Ave",
        "score": 4.2
      }
    },
    {
      "type": "Feature",
      "geometry": {
        "type": "Point",
        "coordinates": [
          -74.0232905,
          40.6346431
        ]
      },
      "properties": {
        "name": "Original Pizza",
        "cat": "Pizza restaurant",
        "g": "pizza",
        "addr": "6823 4th Ave",
        "score": 4.3
      }
    },
    {
      "type": "Feature",
      "geometry": {
        "type": "Point",
        "coordinates": [
          -74.1355571,
          40.6262299
        ]
      },
      "properties": {
        "name": "Gino's",
        "cat": "Pizza restaurant",
        "g": "pizza",
        "addr": "1351 Forest Ave Forest L",
        "score": 4.2
      }
    },
    {
      "type": "Feature",
      "geometry": {
        "type": "Point",
        "coordinates": [
          -74.0023328,
          40.6073525
        ]
      },
      "properties": {
        "name": "Pizza Den",
        "cat": "Pizza restaurant",
        "g": "pizza",
        "addr": "8521 18th Ave",
        "score": 4.2
      }
    },
    {
      "type": "Feature",
      "geometry": {
        "type": "Point",
        "coordinates": [
          -74.1586315,
          40.611935
        ]
      },
      "properties": {
        "name": "M & J Pizza",
        "cat": "Pizza restaurant",
        "g": "pizza",
        "addr": "10 Akron St",
        "score": 3.9
      }
    },
    {
      "type": "Feature",
      "geometry": {
        "type": "Point",
        "coordinates": [
          -74.0014672,
          40.6080486
        ]
      },
      "properties": {
        "name": "Tato's Pizza",
        "cat": "Pizza restaurant",
        "g": "pizza",
        "addr": "8409 18th Ave #2910",
        "score": 4.2
      }
    },
    {
      "type": "Feature",
      "geometry": {
        "type": "Point",
        "coordinates": [
          -74.1601481,
          40.5448741
        ]
      },
      "properties": {
        "name": "Kingdom Pizza",
        "cat": "Pizza restaurant",
        "g": "pizza",
        "addr": "4350 Amboy Rd",
        "score": 4.3
      }
    },
    {
      "type": "Feature",
      "geometry": {
        "type": "Point",
        "coordinates": [
          -74.0841631,
          40.5972028
        ]
      },
      "properties": {
        "name": "Brooklyn's Finest Pizza",
        "cat": "Pizza restaurant",
        "g": "pizza",
        "addr": "1250 Hylan Blvd",
        "score": 4
      }
    },
    {
      "type": "Feature",
      "geometry": {
        "type": "Point",
        "coordinates": [
          -74.1163932,
          40.6290645
        ]
      },
      "properties": {
        "name": "Feelin Saucy Pizza",
        "cat": "Pizza restaurant",
        "g": "pizza",
        "addr": "819 Forest Ave",
        "score": 3.8
      }
    },
    {
      "type": "Feature",
      "geometry": {
        "type": "Point",
        "coordinates": [
          -74.1296161,
          40.6260725
        ]
      },
      "properties": {
        "name": "Papa Johns Pizza",
        "cat": "Pizza restaurant",
        "g": "pizza",
        "addr": "1190 Forest Ave",
        "score": 2.5
      }
    },
    {
      "type": "Feature",
      "geometry": {
        "type": "Point",
        "coordinates": [
          -74.067419,
          40.61722
        ]
      },
      "properties": {
        "name": "Pronto Pizza Pasta",
        "cat": "Pizza restaurant",
        "g": "pizza",
        "addr": "1077 Bay St",
        "score": 4.2
      }
    },
    {
      "type": "Feature",
      "geometry": {
        "type": "Point",
        "coordinates": [
          -74.1111668,
          40.5713606
        ]
      },
      "properties": {
        "name": "Pronto Pizza Pasta",
        "cat": "Pizza restaurant",
        "g": "pizza",
        "addr": "337 New Dorp Ln",
        "score": 3.7
      }
    },
    {
      "type": "Feature",
      "geometry": {
        "type": "Point",
        "coordinates": [
          -74.0328193,
          40.6198043
        ]
      },
      "properties": {
        "name": "Nino's Pizza",
        "cat": "Pizza restaurant",
        "g": "pizza",
        "addr": "9110 3rd Ave",
        "score": 4.2
      }
    },
    {
      "type": "Feature",
      "geometry": {
        "type": "Point",
        "coordinates": [
          -74.1671221,
          40.5748227
        ]
      },
      "properties": {
        "name": "Pizza Hut Express",
        "cat": "Pizza restaurant",
        "g": "pizza",
        "addr": "2873 Richmond Ave",
        "score": 3.3
      }
    },
    {
      "type": "Feature",
      "geometry": {
        "type": "Point",
        "coordinates": [
          -74.1670944,
          40.5817771
        ]
      },
      "properties": {
        "name": "Piattino Oven Fired Pizza",
        "cat": "Pizza restaurant",
        "g": "pizza",
        "addr": "2655 Richmond Ave Ste FC-40",
        "score": 2.1
      }
    },
    {
      "type": "Feature",
      "geometry": {
        "type": "Point",
        "coordinates": [
          -74.0006048,
          40.6010032
        ]
      },
      "properties": {
        "name": "Pino Pizza",
        "cat": "Pizza restaurant",
        "g": "pizza",
        "addr": "2025 Bath Ave",
        "score": 4
      }
    },
    {
      "type": "Feature",
      "geometry": {
        "type": "Point",
        "coordinates": [
          -74.0793422,
          40.6248121
        ]
      },
      "properties": {
        "name": "Romeo's Pizza",
        "cat": "Pizza restaurant",
        "g": "pizza",
        "addr": "117 Broad St",
        "score": 4.4
      }
    },
    {
      "type": "Feature",
      "geometry": {
        "type": "Point",
        "coordinates": [
          -74.1590444,
          40.6134557
        ]
      },
      "properties": {
        "name": "Domino's Pizza",
        "cat": "Pizza restaurant",
        "g": "pizza",
        "addr": "1430 Richmond Ave",
        "score": 3.1
      }
    },
    {
      "type": "Feature",
      "geometry": {
        "type": "Point",
        "coordinates": [
          -74.0195681,
          40.6401661
        ]
      },
      "properties": {
        "name": "Tony's Pizza",
        "cat": "Pizza restaurant",
        "g": "pizza",
        "addr": "6112 4th Ave",
        "score": 3.9
      }
    },
    {
      "type": "Feature",
      "geometry": {
        "type": "Point",
        "coordinates": [
          -74.155874,
          40.625578
        ]
      },
      "properties": {
        "name": "Little Caesars Pizza",
        "cat": "Pizza restaurant",
        "g": "pizza",
        "addr": "2040 Forest Ave",
        "score": 3.7
      }
    },
    {
      "type": "Feature",
      "geometry": {
        "type": "Point",
        "coordinates": [
          -74.1163932,
          40.6290645
        ]
      },
      "properties": {
        "name": "Gold Grill Pizzeria",
        "cat": "Pizza restaurant",
        "g": "pizza",
        "addr": "819 Forest Ave",
        "score": 3.9
      }
    },
    {
      "type": "Feature",
      "geometry": {
        "type": "Point",
        "coordinates": [
          -74.0283553,
          40.6221113
        ]
      },
      "properties": {
        "name": "Janet's Pizza",
        "cat": "Pizza restaurant",
        "g": "pizza",
        "addr": "8619 4th Ave",
        "score": 3.9
      }
    },
    {
      "type": "Feature",
      "geometry": {
        "type": "Point",
        "coordinates": [
          -74.1230245,
          40.6132977
        ]
      },
      "properties": {
        "name": "Domino's Pizza",
        "cat": "Pizza restaurant",
        "g": "pizza",
        "addr": "1785 Victory Blvd",
        "score": 2.7
      }
    },
    {
      "type": "Feature",
      "geometry": {
        "type": "Point",
        "coordinates": [
          -73.9995949,
          40.6178782
        ]
      },
      "properties": {
        "name": "Mr. Phil's Pizza",
        "cat": "Pizza restaurant",
        "g": "pizza",
        "addr": "7212 New Utrecht Ave",
        "score": 3.8
      }
    },
    {
      "type": "Feature",
      "geometry": {
        "type": "Point",
        "coordinates": [
          -74.028166,
          40.630952
        ]
      },
      "properties": {
        "name": "Pete's Pizzeria & Restaurant",
        "cat": "Pizza restaurant",
        "g": "pizza",
        "addr": "7522 3rd Ave",
        "score": 3.8
      }
    },
    {
      "type": "Feature",
      "geometry": {
        "type": "Point",
        "coordinates": [
          -74.1125718,
          40.567288
        ]
      },
      "properties": {
        "name": "Valducci's Pizza Two (Inside ShopRite)",
        "cat": "Pizza restaurant",
        "g": "pizza",
        "addr": "2656 Hylan Blvd",
        "score": 3.5
      }
    },
    {
      "type": "Feature",
      "geometry": {
        "type": "Point",
        "coordinates": [
          -73.9993301,
          40.6248411
        ]
      },
      "properties": {
        "name": "Mario's Pizza & Restaurant",
        "cat": "Pizza restaurant",
        "g": "pizza",
        "addr": "6424 14th Ave",
        "score": 3.9
      }
    },
    {
      "type": "Feature",
      "geometry": {
        "type": "Point",
        "coordinates": [
          -74.0850887,
          40.5965395
        ]
      },
      "properties": {
        "name": "Domino's Pizza",
        "cat": "Pizza restaurant",
        "g": "pizza",
        "addr": "1300 Hylan Blvd",
        "score": 3.3
      }
    },
    {
      "type": "Feature",
      "geometry": {
        "type": "Point",
        "coordinates": [
          -74.0241108,
          40.625275
        ]
      },
      "properties": {
        "name": "Papa Johns Pizza",
        "cat": "Pizza restaurant",
        "g": "pizza",
        "addr": "8015 5th Ave",
        "score": 3.7
      }
    },
    {
      "type": "Feature",
      "geometry": {
        "type": "Point",
        "coordinates": [
          -74.0152854,
          40.6406327
        ]
      },
      "properties": {
        "name": "Papa Johns Pizza",
        "cat": "Pizza restaurant",
        "g": "pizza",
        "addr": "5804 5th Ave",
        "score": 3.4
      }
    },
    {
      "type": "Feature",
      "geometry": {
        "type": "Point",
        "coordinates": [
          -74.1152323,
          40.5730848
        ]
      },
      "properties": {
        "name": "Domino's Pizza",
        "cat": "Pizza restaurant",
        "g": "pizza",
        "addr": "172 New Dorp Ln",
        "score": 3.3
      }
    },
    {
      "type": "Feature",
      "geometry": {
        "type": "Point",
        "coordinates": [
          -74.0060722,
          40.609099
        ]
      },
      "properties": {
        "name": "Papa Johns Pizza",
        "cat": "Pizza restaurant",
        "g": "pizza",
        "addr": "1654 86th St",
        "score": 3.6
      }
    },
    {
      "type": "Feature",
      "geometry": {
        "type": "Point",
        "coordinates": [
          -74.0092913,
          40.6188634
        ]
      },
      "properties": {
        "name": "Domino's Pizza",
        "cat": "Pizza restaurant",
        "g": "pizza",
        "addr": "7722 13th Ave",
        "score": 2.6
      }
    },
    {
      "type": "Feature",
      "geometry": {
        "type": "Point",
        "coordinates": [
          -74.0761839,
          40.6337384
        ]
      },
      "properties": {
        "name": "Domino's Pizza",
        "cat": "Pizza restaurant",
        "g": "pizza",
        "addr": "364 Bay St",
        "score": 2.3
      }
    },
    {
      "type": "Feature",
      "geometry": {
        "type": "Point",
        "coordinates": [
          -74.0296608,
          40.6188287
        ]
      },
      "properties": {
        "name": "Domino's Pizza",
        "cat": "Pizza restaurant",
        "g": "pizza",
        "addr": "9105 4th Ave",
        "score": 2.6
      }
    },
    {
      "type": "Feature",
      "geometry": {
        "type": "Point",
        "coordinates": [
          -74.0153944,
          40.6405347
        ]
      },
      "properties": {
        "name": "Johnny's Pizzeria",
        "cat": "Pizza restaurant",
        "g": "pizza",
        "addr": "5806 5th Ave",
        "score": 4.5
      }
    },
    {
      "type": "Feature",
      "geometry": {
        "type": "Point",
        "coordinates": [
          -74.0750082,
          40.6258696
        ]
      },
      "properties": {
        "name": "Taverna Pizza",
        "cat": "Pizza restaurant",
        "g": "pizza",
        "addr": "663 Bay St",
        "score": 4.4
      }
    },
    {
      "type": "Feature",
      "geometry": {
        "type": "Point",
        "coordinates": [
          -74.06595,
          40.5978938
        ]
      },
      "properties": {
        "name": "Terminix",
        "cat": "Pest control service",
        "g": "exterminator",
        "addr": "124 McClean Ave",
        "score": 4.6
      }
    },
    {
      "type": "Feature",
      "geometry": {
        "type": "Point",
        "coordinates": [
          -74.190654,
          40.5873958
        ]
      },
      "properties": {
        "name": "All Platinum Termite & Pest Control",
        "cat": "Pest control service",
        "g": "exterminator",
        "addr": "266 Wild Ave",
        "score": 4.9
      }
    },
    {
      "type": "Feature",
      "geometry": {
        "type": "Point",
        "coordinates": [
          -74.1416704,
          40.5957994
        ]
      },
      "properties": {
        "name": "Diamond Plus Pest Control INC",
        "cat": "Pest control service",
        "g": "exterminator",
        "addr": "66 Jasper St",
        "score": 4.9
      }
    },
    {
      "type": "Feature",
      "geometry": {
        "type": "Point",
        "coordinates": [
          -74.1467043,
          40.5430697
        ]
      },
      "properties": {
        "name": "Top Hat Exterminating Corp",
        "cat": "Pest control service",
        "g": "exterminator",
        "addr": "265 Nelson Ave",
        "score": 4.7
      }
    },
    {
      "type": "Feature",
      "geometry": {
        "type": "Point",
        "coordinates": [
          -74.078671,
          40.6251279
        ]
      },
      "properties": {
        "name": "J B Pest Control Inc",
        "cat": "Pest control service",
        "g": "exterminator",
        "addr": "97 Broad St",
        "score": 3.2
      }
    },
    {
      "type": "Feature",
      "geometry": {
        "type": "Point",
        "coordinates": [
          -74.1579175,
          40.6303584
        ]
      },
      "properties": {
        "name": "City Skyline Pest Control",
        "cat": "Pest control service",
        "g": "exterminator",
        "addr": "245 Union Ave",
        "score": 5
      }
    },
    {
      "type": "Feature",
      "geometry": {
        "type": "Point",
        "coordinates": [
          -74.0793187,
          40.6291598
        ]
      },
      "properties": {
        "name": "Post Exterminating",
        "cat": "Pest control service",
        "g": "exterminator",
        "addr": "363 Van Duzer St",
        "score": 4.2
      }
    },
    {
      "type": "Feature",
      "geometry": {
        "type": "Point",
        "coordinates": [
          -74.1122765,
          40.5583201
        ]
      },
      "properties": {
        "name": "Accurate Pest Control",
        "cat": "Pest control service",
        "g": "exterminator",
        "addr": "60 Pelican Cir",
        "score": 4.3
      }
    },
    {
      "type": "Feature",
      "geometry": {
        "type": "Point",
        "coordinates": [
          -74.0946311,
          40.6274394
        ]
      },
      "properties": {
        "name": "All Jersey Animal & Pest Control",
        "cat": "Pest control service",
        "g": "exterminator",
        "addr": "",
        "score": 5
      }
    },
    {
      "type": "Feature",
      "geometry": {
        "type": "Point",
        "coordinates": [
          -74.146829,
          40.6320913
        ]
      },
      "properties": {
        "name": "Pest Elimination Systems Technology Inc",
        "cat": "Pest control service",
        "g": "exterminator",
        "addr": "238 Morningstar Rd",
        "score": 5
      }
    },
    {
      "type": "Feature",
      "geometry": {
        "type": "Point",
        "coordinates": [
          -74.0980416,
          40.5642725
        ]
      },
      "properties": {
        "name": "Monster Trapping and Pest - Staten Island Service Area",
        "cat": "Pest control service",
        "g": "exterminator",
        "addr": "81 Neptune St",
        "score": 5
      }
    },
    {
      "type": "Feature",
      "geometry": {
        "type": "Point",
        "coordinates": [
          -74.1433716,
          40.6256498
        ]
      },
      "properties": {
        "name": "Pest Patrol Services",
        "cat": "Pest control service",
        "g": "exterminator",
        "addr": "730B Port Richmond Ave",
        "score": 4.8
      }
    },
    {
      "type": "Feature",
      "geometry": {
        "type": "Point",
        "coordinates": [
          -74.1609823,
          40.6105904
        ]
      },
      "properties": {
        "name": "Busy Bee Pest Control / Ryan Exterminating Inc",
        "cat": "Pest control service",
        "g": "exterminator",
        "addr": "32 Jardine Ave",
        "score": 4.5
      }
    },
    {
      "type": "Feature",
      "geometry": {
        "type": "Point",
        "coordinates": [
          -74.0690593,
          40.593813
        ]
      },
      "properties": {
        "name": "One Hour Pest Control LLC",
        "cat": "Pest control service",
        "g": "exterminator",
        "addr": "232 Sand Ln",
        "score": 4.8
      }
    },
    {
      "type": "Feature",
      "geometry": {
        "type": "Point",
        "coordinates": [
          -74.168355,
          40.527315
        ]
      },
      "properties": {
        "name": "Annihilator Extermination | Best Emergency Exterminator Staten Island | Pest Control",
        "cat": "Pest control service",
        "g": "exterminator",
        "addr": "43 Allen Pl",
        "score": 4.9
      }
    },
    {
      "type": "Feature",
      "geometry": {
        "type": "Point",
        "coordinates": [
          -74.0034021,
          40.6107617
        ]
      },
      "properties": {
        "name": "EZ Bed Bug Exterminator Brooklyn",
        "cat": "Pest control service",
        "g": "exterminator",
        "addr": "1681 83rd St",
        "score": 5
      }
    },
    {
      "type": "Feature",
      "geometry": {
        "type": "Point",
        "coordinates": [
          -74.2432891,
          40.5165961
        ]
      },
      "properties": {
        "name": "Superior Pest Elimination",
        "cat": "Pest control service",
        "g": "exterminator",
        "addr": "87 Ellis St",
        "score": 4.9
      }
    },
    {
      "type": "Feature",
      "geometry": {
        "type": "Point",
        "coordinates": [
          -74.1389482,
          40.6024412
        ]
      },
      "properties": {
        "name": "Metropolitan Pest Services INC",
        "cat": "Pest control service",
        "g": "exterminator",
        "addr": "33 Uxbridge St",
        "score": 5
      }
    },
    {
      "type": "Feature",
      "geometry": {
        "type": "Point",
        "coordinates": [
          -74.1216013,
          40.6130238
        ]
      },
      "properties": {
        "name": "ProPest Solutions",
        "cat": "Pest control service",
        "g": "exterminator",
        "addr": "1734 Victory Blvd",
        "score": 4.6
      }
    },
    {
      "type": "Feature",
      "geometry": {
        "type": "Point",
        "coordinates": [
          -74.0031348,
          40.6105503
        ]
      },
      "properties": {
        "name": "Liberty Pest Control, Inc.",
        "cat": "Pest control service",
        "g": "exterminator",
        "addr": "8220 17th Ave",
        "score": 4.4
      }
    },
    {
      "type": "Feature",
      "geometry": {
        "type": "Point",
        "coordinates": [
          -74.015091,
          40.6300116
        ]
      },
      "properties": {
        "name": "Dr.Buggz Pest Control LLC",
        "cat": "Pest control service",
        "g": "exterminator",
        "addr": "6919 8th Ave",
        "score": 5
      }
    },
    {
      "type": "Feature",
      "geometry": {
        "type": "Point",
        "coordinates": [
          -74.002441,
          40.6165685
        ]
      },
      "properties": {
        "name": "Central Pest Control LLC",
        "cat": "Pest control service",
        "g": "exterminator",
        "addr": "1541 76th St",
        "score": 5
      }
    },
    {
      "type": "Feature",
      "geometry": {
        "type": "Point",
        "coordinates": [
          -74.0076426,
          40.6268161
        ]
      },
      "properties": {
        "name": "Afederal Exterminating - Brooklyn NY",
        "cat": "Pest control service",
        "g": "exterminator",
        "addr": "6729 11th Ave",
        "score": 4.4
      }
    },
    {
      "type": "Feature",
      "geometry": {
        "type": "Point",
        "coordinates": [
          -74.0265182,
          40.6339992
        ]
      },
      "properties": {
        "name": "Attack Exterminating Company, LLC",
        "cat": "Pest control service",
        "g": "exterminator",
        "addr": "7105 3rd Ave #438",
        "score": 5
      }
    },
    {
      "type": "Feature",
      "geometry": {
        "type": "Point",
        "coordinates": [
          -74.018127,
          40.634162
        ]
      },
      "properties": {
        "name": "888XTERMINATE",
        "cat": "Pest control service",
        "g": "exterminator",
        "addr": "6702 6th Ave",
        "score": 5
      }
    },
    {
      "type": "Feature",
      "geometry": {
        "type": "Point",
        "coordinates": [
          -73.9998654,
          40.6371853
        ]
      },
      "properties": {
        "name": "Ecology Exterminating Service",
        "cat": "Pest control service",
        "g": "exterminator",
        "addr": "5122 Fort Hamilton Pkwy",
        "score": 4
      }
    },
    {
      "type": "Feature",
      "geometry": {
        "type": "Point",
        "coordinates": [
          -74.00092,
          40.6228006
        ]
      },
      "properties": {
        "name": "Victory Wildlife and Pest Removal",
        "cat": "Pest control service",
        "g": "exterminator",
        "addr": "1419 Ovington Ave",
        "score": 4.8
      }
    },
    {
      "type": "Feature",
      "geometry": {
        "type": "Point",
        "coordinates": [
          -74.0092747,
          40.6360689
        ]
      },
      "properties": {
        "name": "纽约 AA 杀虫公司 AA Pest Control Inc",
        "cat": "Pest control service",
        "g": "exterminator",
        "addr": "5904 8th Ave",
        "score": 5
      }
    },
    {
      "type": "Feature",
      "geometry": {
        "type": "Point",
        "coordinates": [
          -74.146829,
          40.6320913
        ]
      },
      "properties": {
        "name": "Die Hard Exterminating",
        "cat": "Pest control service",
        "g": "exterminator",
        "addr": "238 Morningstar Rd",
        "score": null
      }
    },
    {
      "type": "Feature",
      "geometry": {
        "type": "Point",
        "coordinates": [
          -74.1656024,
          40.4984175
        ]
      },
      "properties": {
        "name": "Recon Pest Control Inc",
        "cat": "Pest control service",
        "g": "exterminator",
        "addr": "",
        "score": 5
      }
    },
    {
      "type": "Feature",
      "geometry": {
        "type": "Point",
        "coordinates": [
          -74.0052228,
          40.609582
        ]
      },
      "properties": {
        "name": "OnGuard Pest Control",
        "cat": "Pest control service",
        "g": "exterminator",
        "addr": "1664 85th St",
        "score": 5
      }
    },
    {
      "type": "Feature",
      "geometry": {
        "type": "Point",
        "coordinates": [
          -74.1468185,
          40.5646056
        ]
      },
      "properties": {
        "name": "A. Aardvark Pest Control Corp.",
        "cat": "Pest control service",
        "g": "exterminator",
        "addr": "",
        "score": 5
      }
    },
    {
      "type": "Feature",
      "geometry": {
        "type": "Point",
        "coordinates": [
          -74.159224,
          40.550305
        ]
      },
      "properties": {
        "name": "K & J Pest Control",
        "cat": "Pest control service",
        "g": "exterminator",
        "addr": "70 Escanaba Ave",
        "score": 4
      }
    },
    {
      "type": "Feature",
      "geometry": {
        "type": "Point",
        "coordinates": [
          -73.9448356,
          40.6452314
        ]
      },
      "properties": {
        "name": "Urban Shield Exterminators",
        "cat": "Pest control service",
        "g": "exterminator",
        "addr": "",
        "score": 5
      }
    },
    {
      "type": "Feature",
      "geometry": {
        "type": "Point",
        "coordinates": [
          -74.1827119,
          40.555548
        ]
      },
      "properties": {
        "name": "Western Pest Services",
        "cat": "Pest control service",
        "g": "exterminator",
        "addr": "",
        "score": null
      }
    },
    {
      "type": "Feature",
      "geometry": {
        "type": "Point",
        "coordinates": [
          -73.9796294,
          40.6974881
        ]
      },
      "properties": {
        "name": "Don't Bug Out Pest Control",
        "cat": "Pest control service",
        "g": "exterminator",
        "addr": "",
        "score": 4.9
      }
    },
    {
      "type": "Feature",
      "geometry": {
        "type": "Point",
        "coordinates": [
          -73.9796294,
          40.6971415
        ]
      },
      "properties": {
        "name": "Quality Pest Management NY INC.",
        "cat": "Pest control service",
        "g": "exterminator",
        "addr": "",
        "score": 4.9
      }
    },
    {
      "type": "Feature",
      "geometry": {
        "type": "Point",
        "coordinates": [
          -74.1861179,
          40.612779
        ]
      },
      "properties": {
        "name": "Faztec Industries",
        "cat": "Waste management service",
        "g": "dump",
        "addr": "200 Bloomfield Ave",
        "score": 4.4
      }
    },
    {
      "type": "Feature",
      "geometry": {
        "type": "Point",
        "coordinates": [
          -74.1194539,
          40.640179
        ]
      },
      "properties": {
        "name": "North Shore Waste Solutions",
        "cat": "Waste management service",
        "g": "dump",
        "addr": "25 Van St",
        "score": 5
      }
    },
    {
      "type": "Feature",
      "geometry": {
        "type": "Point",
        "coordinates": [
          -74.0183551,
          40.6498493
        ]
      },
      "properties": {
        "name": "50TH ST TRANSFER STATION",
        "cat": "Waste management service",
        "g": "dump",
        "addr": "110 50th St #120",
        "score": 4
      }
    },
    {
      "type": "Feature",
      "geometry": {
        "type": "Point",
        "coordinates": [
          -74.1931515,
          40.5856393
        ]
      },
      "properties": {
        "name": "Republic Services Staten Island Transfer Station",
        "cat": "Garbage collection service",
        "g": "dump",
        "addr": "600 West Service Road",
        "score": 1
      }
    },
    {
      "type": "Feature",
      "geometry": {
        "type": "Point",
        "coordinates": [
          -74.1957731,
          40.6020663
        ]
      },
      "properties": {
        "name": "Staten Island Recycling",
        "cat": "Recycling center",
        "g": "dump",
        "addr": "451 Spencer St",
        "score": 3.5
      }
    },
    {
      "type": "Feature",
      "geometry": {
        "type": "Point",
        "coordinates": [
          -74.1505751,
          40.6343435
        ]
      },
      "properties": {
        "name": "Ultimate Dumpsters Staten Island",
        "cat": "Waste management service",
        "g": "dump",
        "addr": "97 Lake Ave",
        "score": 4.9
      }
    },
    {
      "type": "Feature",
      "geometry": {
        "type": "Point",
        "coordinates": [
          -74.1321049,
          40.6409263
        ]
      },
      "properties": {
        "name": "COGENT WASTE SOLUTIONS SI LLC",
        "cat": "Waste management service",
        "g": "dump",
        "addr": "11 Ferry St",
        "score": 4
      }
    },
    {
      "type": "Feature",
      "geometry": {
        "type": "Point",
        "coordinates": [
          -74.1199505,
          40.6400982
        ]
      },
      "properties": {
        "name": "Green Environmental Services",
        "cat": "Waste management service",
        "g": "dump",
        "addr": "22 Van St",
        "score": 4.4
      }
    },
    {
      "type": "Feature",
      "geometry": {
        "type": "Point",
        "coordinates": [
          -74.1199356,
          40.6401113
        ]
      },
      "properties": {
        "name": "Perciballi Container Service",
        "cat": "Garbage collection service",
        "g": "dump",
        "addr": "22 Van St",
        "score": 4.8
      }
    },
    {
      "type": "Feature",
      "geometry": {
        "type": "Point",
        "coordinates": [
          -74.151481,
          40.631988
        ]
      },
      "properties": {
        "name": "EZ Staten Island Junk Removal",
        "cat": "Garbage collection service",
        "g": "dump",
        "addr": "361 Walker St",
        "score": 5
      }
    },
    {
      "type": "Feature",
      "geometry": {
        "type": "Point",
        "coordinates": [
          -74.1505751,
          40.6343435
        ]
      },
      "properties": {
        "name": "Universal Containers Corp",
        "cat": "Waste management service",
        "g": "dump",
        "addr": "97 Lake Ave",
        "score": 5
      }
    },
    {
      "type": "Feature",
      "geometry": {
        "type": "Point",
        "coordinates": [
          -74.1468185,
          40.5646056
        ]
      },
      "properties": {
        "name": "GO4 Junk Removal Staten Island",
        "cat": "Junk removal service",
        "g": "dump",
        "addr": "",
        "score": 5
      }
    },
    {
      "type": "Feature",
      "geometry": {
        "type": "Point",
        "coordinates": [
          -74.1305336,
          40.6129656
        ]
      },
      "properties": {
        "name": "City Dump NY",
        "cat": "Dumpster rental service",
        "g": "dump",
        "addr": "959 Jewett Ave",
        "score": null
      }
    },
    {
      "type": "Feature",
      "geometry": {
        "type": "Point",
        "coordinates": [
          -74.1471979,
          40.5405837
        ]
      },
      "properties": {
        "name": "Frank and Sal Italian Market Staten Island",
        "cat": "Italian grocery store",
        "g": "bodega",
        "addr": "4060 Hylan Blvd",
        "score": 4.7
      }
    },
    {
      "type": "Feature",
      "geometry": {
        "type": "Point",
        "coordinates": [
          -74.1120212,
          40.5817727
        ]
      },
      "properties": {
        "name": "Gourmet Island",
        "cat": "Supermarket",
        "g": "bodega",
        "addr": "2107 Richmond Rd",
        "score": 4.5
      }
    },
    {
      "type": "Feature",
      "geometry": {
        "type": "Point",
        "coordinates": [
          -74.162413,
          40.600528
        ]
      },
      "properties": {
        "name": "Polish Specialties",
        "cat": "Deli",
        "g": "bodega",
        "addr": "1949 Richmond Ave Store #5",
        "score": 4.5
      }
    },
    {
      "type": "Feature",
      "geometry": {
        "type": "Point",
        "coordinates": [
          -74.0922414,
          40.6005143
        ]
      },
      "properties": {
        "name": "Pastosa Ravioli Company",
        "cat": "Italian grocery store",
        "g": "bodega",
        "addr": "1076 Richmond Rd",
        "score": 4.6
      }
    },
    {
      "type": "Feature",
      "geometry": {
        "type": "Point",
        "coordinates": [
          -74.2329956,
          40.5509274
        ]
      },
      "properties": {
        "name": "South Shore Material & Supply Inc.",
        "cat": "Waste management service",
        "g": "dump",
        "addr": "327 Industrial Loop",
        "score": 4.7
      }
    },
    {
      "type": "Feature",
      "geometry": {
        "type": "Point",
        "coordinates": [
          -74.0082232,
          40.6325219
        ]
      },
      "properties": {
        "name": "Recycling center",
        "cat": "Recycling center",
        "g": "dump",
        "addr": "918 62nd St",
        "score": 3
      }
    },
    {
      "type": "Feature",
      "geometry": {
        "type": "Point",
        "coordinates": [
          -74.2323303,
          40.5522689
        ]
      },
      "properties": {
        "name": "Economy Container Corp.",
        "cat": "Dumpster rental service",
        "g": "dump",
        "addr": "35 Derick Ct",
        "score": 4.3
      }
    },
    {
      "type": "Feature",
      "geometry": {
        "type": "Point",
        "coordinates": [
          -74.0062934,
          40.6416671
        ]
      },
      "properties": {
        "name": "Vergara Rubbish Removal",
        "cat": "Garbage collection service",
        "g": "dump",
        "addr": "708 51st St",
        "score": 4.6
      }
    },
    {
      "type": "Feature",
      "geometry": {
        "type": "Point",
        "coordinates": [
          -74.1649844,
          40.6349829
        ]
      },
      "properties": {
        "name": "Global Scrap Metal",
        "cat": "Waste management service",
        "g": "dump",
        "addr": "197 Grandview Ave",
        "score": 3.3
      }
    },
    {
      "type": "Feature",
      "geometry": {
        "type": "Point",
        "coordinates": [
          -73.9993084,
          40.6104011
        ]
      },
      "properties": {
        "name": "Frank & Sal Italian Market Brooklyn",
        "cat": "Italian grocery store",
        "g": "bodega",
        "addr": "8008 18th Ave",
        "score": 4.6
      }
    },
    {
      "type": "Feature",
      "geometry": {
        "type": "Point",
        "coordinates": [
          -74.0311,
          40.623
        ]
      },
      "properties": {
        "name": "A.L.C. Italian Grocery",
        "cat": "Italian grocery store",
        "g": "bodega",
        "addr": "8613 3rd Ave",
        "score": 4.4
      }
    },
    {
      "type": "Feature",
      "geometry": {
        "type": "Point",
        "coordinates": [
          -73.9996861,
          40.6158639
        ]
      },
      "properties": {
        "name": "Pastosa Ravioli - Bensonhurst (Flagship)",
        "cat": "Italian grocery store",
        "g": "bodega",
        "addr": "7425 New Utrecht Ave",
        "score": 4.7
      }
    },
    {
      "type": "Feature",
      "geometry": {
        "type": "Point",
        "coordinates": [
          -74.0063657,
          40.6217012
        ]
      },
      "properties": {
        "name": "73rd St Market and Deli",
        "cat": "Deli",
        "g": "bodega",
        "addr": "7224 13th Ave",
        "score": 5
      }
    },
    {
      "type": "Feature",
      "geometry": {
        "type": "Point",
        "coordinates": [
          -74.1476636,
          40.638212
        ]
      },
      "properties": {
        "name": "We Haul NY Junk Removal & Estate Cleanouts",
        "cat": "Garbage collection service",
        "g": "dump",
        "addr": "2589 Richmond Ter building 8",
        "score": 5
      }
    },
    {
      "type": "Feature",
      "geometry": {
        "type": "Point",
        "coordinates": [
          -74.0018926,
          40.6226975
        ]
      },
      "properties": {
        "name": "EVERYTHING GOES RUBBISH AND JUNK REMOVAL",
        "cat": "Garbage collection service",
        "g": "dump",
        "addr": "6816 14th Ave",
        "score": 5
      }
    },
    {
      "type": "Feature",
      "geometry": {
        "type": "Point",
        "coordinates": [
          -73.9796294,
          40.6974881
        ]
      },
      "properties": {
        "name": "1-800 Mr Rubbish",
        "cat": "Waste management service",
        "g": "dump",
        "addr": "",
        "score": 5
      }
    },
    {
      "type": "Feature",
      "geometry": {
        "type": "Point",
        "coordinates": [
          -74.0761573,
          40.6309173
        ]
      },
      "properties": {
        "name": "Apache Carting LLC",
        "cat": "Garbage collection service",
        "g": "dump",
        "addr": "457 Bay St",
        "score": 1
      }
    },
    {
      "type": "Feature",
      "geometry": {
        "type": "Point",
        "coordinates": [
          -74.1468185,
          40.5646056
        ]
      },
      "properties": {
        "name": "Top Pest Control Exterminator",
        "cat": "Pest control service",
        "g": "exterminator",
        "addr": "",
        "score": 4.6
      }
    },
    {
      "type": "Feature",
      "geometry": {
        "type": "Point",
        "coordinates": [
          -74.1468185,
          40.5646056
        ]
      },
      "properties": {
        "name": "Staten Island Pest Control",
        "cat": "Pest control service",
        "g": "exterminator",
        "addr": "",
        "score": 4.7
      }
    },
    {
      "type": "Feature",
      "geometry": {
        "type": "Point",
        "coordinates": [
          -73.9448356,
          40.6452314
        ]
      },
      "properties": {
        "name": "Brooklyn NY Bedbugs Roach Ants Termite Mice Rat Pest Control Exterminator",
        "cat": "Pest control service",
        "g": "exterminator",
        "addr": "",
        "score": 5
      }
    },
    {
      "type": "Feature",
      "geometry": {
        "type": "Point",
        "coordinates": [
          -73.9796294,
          40.6798065
        ]
      },
      "properties": {
        "name": "Bed bug exterminator in brooklyn",
        "cat": "Pest control service",
        "g": "exterminator",
        "addr": "",
        "score": 4.5
      }
    },
    {
      "type": "Feature",
      "geometry": {
        "type": "Point",
        "coordinates": [
          -73.979506,
          40.6971415
        ]
      },
      "properties": {
        "name": "First Choice Pest Control Services",
        "cat": "Pest control service",
        "g": "exterminator",
        "addr": "",
        "score": 4.6
      }
    },
    {
      "type": "Feature",
      "geometry": {
        "type": "Point",
        "coordinates": [
          -73.9796294,
          40.6974881
        ]
      },
      "properties": {
        "name": "247 Pest Control NYC",
        "cat": "Pest control service",
        "g": "exterminator",
        "addr": "",
        "score": 4
      }
    },
    {
      "type": "Feature",
      "geometry": {
        "type": "Point",
        "coordinates": [
          -74.1468185,
          40.5646056
        ]
      },
      "properties": {
        "name": "Pest Control Staten Island",
        "cat": "Pest control service",
        "g": "exterminator",
        "addr": "",
        "score": 5
      }
    },
    {
      "type": "Feature",
      "geometry": {
        "type": "Point",
        "coordinates": [
          -74.1468185,
          40.5646056
        ]
      },
      "properties": {
        "name": "GAM Bed Bug Exterminator Staten Island",
        "cat": "Pest control service",
        "g": "exterminator",
        "addr": "",
        "score": 5
      }
    },
    {
      "type": "Feature",
      "geometry": {
        "type": "Point",
        "coordinates": [
          -73.979506,
          40.6971415
        ]
      },
      "properties": {
        "name": "One Hour Pest Control",
        "cat": "Pest control service",
        "g": "exterminator",
        "addr": "",
        "score": 5
      }
    },
    {
      "type": "Feature",
      "geometry": {
        "type": "Point",
        "coordinates": [
          -74.1468185,
          40.5646056
        ]
      },
      "properties": {
        "name": "Bug-Out Solutions",
        "cat": "Pest control service",
        "g": "exterminator",
        "addr": "",
        "score": 5
      }
    },
    {
      "type": "Feature",
      "geometry": {
        "type": "Point",
        "coordinates": [
          -74.0251936,
          40.6379718
        ]
      },
      "properties": {
        "name": "Food County Mini-Mart",
        "cat": "Grocery store",
        "g": "bodega",
        "addr": "6636 3rd Ave",
        "score": 4.7
      }
    },
    {
      "type": "Feature",
      "geometry": {
        "type": "Point",
        "coordinates": [
          -74.0229549,
          40.6293363
        ]
      },
      "properties": {
        "name": "Bay Ridge Deli And Grocery",
        "cat": "Grocery store",
        "g": "bodega",
        "addr": "7506 5th Ave",
        "score": 4.2
      }
    },
    {
      "type": "Feature",
      "geometry": {
        "type": "Point",
        "coordinates": [
          -74.103416,
          40.577167
        ]
      },
      "properties": {
        "name": "Istanbul Grand Bazaar",
        "cat": "Grocery store",
        "g": "bodega",
        "addr": "2189 Hylan Blvd",
        "score": 4.5
      }
    },
    {
      "type": "Feature",
      "geometry": {
        "type": "Point",
        "coordinates": [
          -74.0022574,
          40.6016927
        ]
      },
      "properties": {
        "name": "Crazy Joe",
        "cat": "Grocery store",
        "g": "bodega",
        "addr": "1950 Bath Ave #3",
        "score": 5
      }
    },
    {
      "type": "Feature",
      "geometry": {
        "type": "Point",
        "coordinates": [
          -74.0070083,
          40.6209147
        ]
      },
      "properties": {
        "name": "Nasa Deli & Grill",
        "cat": "Deli",
        "g": "bodega",
        "addr": "7402 13th Ave",
        "score": 4.8
      }
    },
    {
      "type": "Feature",
      "geometry": {
        "type": "Point",
        "coordinates": [
          -74.1658077,
          40.5882209
        ]
      },
      "properties": {
        "name": "Richmond Hill Bagels Corp.",
        "cat": "Deli",
        "g": "bodega",
        "addr": "51 Richmond Hill Rd",
        "score": 4
      }
    },
    {
      "type": "Feature",
      "geometry": {
        "type": "Point",
        "coordinates": [
          -74.0098198,
          40.6177924
        ]
      },
      "properties": {
        "name": "La Bella Marketplace",
        "cat": "Supermarket",
        "g": "bodega",
        "addr": "7907 13th Ave",
        "score": 4.3
      }
    },
    {
      "type": "Feature",
      "geometry": {
        "type": "Point",
        "coordinates": [
          -74.025117,
          40.6228848
        ]
      },
      "properties": {
        "name": "Deli On Fifth Avenue",
        "cat": "Deli",
        "g": "bodega",
        "addr": "8325 5th Ave",
        "score": 4.5
      }
    },
    {
      "type": "Feature",
      "geometry": {
        "type": "Point",
        "coordinates": [
          -74.024206,
          40.6261866
        ]
      },
      "properties": {
        "name": "A&S Greek American Market",
        "cat": "Grocery store",
        "g": "bodega",
        "addr": "7918 5th Ave",
        "score": 4.6
      }
    },
    {
      "type": "Feature",
      "geometry": {
        "type": "Point",
        "coordinates": [
          -74.0818232,
          40.5983737
        ]
      },
      "properties": {
        "name": "Shop & Save Superette",
        "cat": "Grocery store",
        "g": "bodega",
        "addr": "1172 Hylan Blvd",
        "score": 4.3
      }
    },
    {
      "type": "Feature",
      "geometry": {
        "type": "Point",
        "coordinates": [
          -74.0704475,
          40.5970572
        ]
      },
      "properties": {
        "name": "B.Maggio's Superette & Hot Bagels",
        "cat": "Grocery store",
        "g": "bodega",
        "addr": "281 McClean Ave",
        "score": 4.2
      }
    },
    {
      "type": "Feature",
      "geometry": {
        "type": "Point",
        "coordinates": [
          -74.00631,
          40.6216693
        ]
      },
      "properties": {
        "name": "Dean Mini Market",
        "cat": "Supermarket",
        "g": "bodega",
        "addr": "7224 13th Ave",
        "score": 4.3
      }
    },
    {
      "type": "Feature",
      "geometry": {
        "type": "Point",
        "coordinates": [
          -74.1468185,
          40.5646056
        ]
      },
      "properties": {
        "name": "Staten Island NY Spider Centipede Cricket Flies Bee Flea Pest Control",
        "cat": "Pest control service",
        "g": "exterminator",
        "addr": "",
        "score": 5
      }
    },
    {
      "type": "Feature",
      "geometry": {
        "type": "Point",
        "coordinates": [
          -73.9448356,
          40.6452314
        ]
      },
      "properties": {
        "name": "All Platinum Termite & Pest Control | Brooklyn Pest Control & Exterminators",
        "cat": "Pest control service",
        "g": "exterminator",
        "addr": "",
        "score": 5
      }
    },
    {
      "type": "Feature",
      "geometry": {
        "type": "Point",
        "coordinates": [
          -74.1468185,
          40.5646056
        ]
      },
      "properties": {
        "name": "Exit Exterminating",
        "cat": "Pest control service",
        "g": "exterminator",
        "addr": "",
        "score": 4.3
      }
    },
    {
      "type": "Feature",
      "geometry": {
        "type": "Point",
        "coordinates": [
          -74.0050223,
          40.6229905
        ]
      },
      "properties": {
        "name": "Pest Stoppers NYC",
        "cat": "Pest control service",
        "g": "exterminator",
        "addr": "7014 13th Ave",
        "score": null
      }
    },
    {
      "type": "Feature",
      "geometry": {
        "type": "Point",
        "coordinates": [
          -73.978032,
          40.7036855
        ]
      },
      "properties": {
        "name": "Instant Pest Now",
        "cat": "Pest control service",
        "g": "exterminator",
        "addr": "",
        "score": 5
      }
    },
    {
      "type": "Feature",
      "geometry": {
        "type": "Point",
        "coordinates": [
          -74.1536554,
          40.5726984
        ]
      },
      "properties": {
        "name": "Mosquito Joe of Staten Island",
        "cat": "Pest control service",
        "g": "exterminator",
        "addr": "",
        "score": 5
      }
    },
    {
      "type": "Feature",
      "geometry": {
        "type": "Point",
        "coordinates": [
          -73.9448356,
          40.6452314
        ]
      },
      "properties": {
        "name": "GAM Bed Bug Exterminator Brooklyn",
        "cat": "Pest control service",
        "g": "exterminator",
        "addr": "",
        "score": null
      }
    },
    {
      "type": "Feature",
      "geometry": {
        "type": "Point",
        "coordinates": [
          -74.0459421,
          40.65008
        ]
      },
      "properties": {
        "name": "Eliminate All Pests",
        "cat": "Pest control service",
        "g": "exterminator",
        "addr": "",
        "score": 5
      }
    },
    {
      "type": "Feature",
      "geometry": {
        "type": "Point",
        "coordinates": [
          -74.1181105,
          40.5646056
        ]
      },
      "properties": {
        "name": "No More Mr Mice Guy",
        "cat": "Pest control service",
        "g": "exterminator",
        "addr": "",
        "score": 5
      }
    },
    {
      "type": "Feature",
      "geometry": {
        "type": "Point",
        "coordinates": [
          -74.1468185,
          40.5646056
        ]
      },
      "properties": {
        "name": "Staten Island Mosquito Control",
        "cat": "Pest control service",
        "g": "exterminator",
        "addr": "",
        "score": null
      }
    },
    {
      "type": "Feature",
      "geometry": {
        "type": "Point",
        "coordinates": [
          -74.1144433,
          40.6290412
        ]
      },
      "properties": {
        "name": "Pastosa Ravioli & Andy Pasta Forest Avenue",
        "cat": "Italian grocery store",
        "g": "bodega",
        "addr": "764 Forest Ave",
        "score": 4.7
      }
    },
    {
      "type": "Feature",
      "geometry": {
        "type": "Point",
        "coordinates": [
          -74.1173888,
          40.629041
        ]
      },
      "properties": {
        "name": "Brighton Bagels",
        "cat": "Deli",
        "g": "bodega",
        "addr": "843 Forest Ave",
        "score": 4.1
      }
    },
    {
      "type": "Feature",
      "geometry": {
        "type": "Point",
        "coordinates": [
          -74.10327,
          40.615571
        ]
      },
      "properties": {
        "name": "SunnySide Gourmet Deli and juice bar",
        "cat": "Deli",
        "g": "bodega",
        "addr": "1282 Clove Rd",
        "score": 4.5
      }
    },
    {
      "type": "Feature",
      "geometry": {
        "type": "Point",
        "coordinates": [
          -74.0156774,
          40.640283
        ]
      },
      "properties": {
        "name": "Stop One Deli",
        "cat": "Deli",
        "g": "bodega",
        "addr": "5824 5th Ave",
        "score": 4.1
      }
    },
    {
      "type": "Feature",
      "geometry": {
        "type": "Point",
        "coordinates": [
          -74.0164829,
          40.6398304
        ]
      },
      "properties": {
        "name": "Sunset Ridge Cafe & Grill",
        "cat": "Deli",
        "g": "bodega",
        "addr": "475 60th St",
        "score": 4.4
      }
    },
    {
      "type": "Feature",
      "geometry": {
        "type": "Point",
        "coordinates": [
          -74.1116372,
          40.5662072
        ]
      },
      "properties": {
        "name": "ShopRite of Hylan Plaza",
        "cat": "Grocery store",
        "g": "bodega",
        "addr": "2656 Hylan Blvd",
        "score": 4.1
      }
    },
    {
      "type": "Feature",
      "geometry": {
        "type": "Point",
        "coordinates": [
          -74.15686,
          40.6113771
        ]
      },
      "properties": {
        "name": "Stop & Shop",
        "cat": "Grocery store",
        "g": "bodega",
        "addr": "1441 Richmond Ave",
        "score": 4.2
      }
    },
    {
      "type": "Feature",
      "geometry": {
        "type": "Point",
        "coordinates": [
          -74.1662724,
          40.5761395
        ]
      },
      "properties": {
        "name": "Stop & Shop",
        "cat": "Grocery store",
        "g": "bodega",
        "addr": "2795 Richmond Ave",
        "score": 4.2
      }
    },
    {
      "type": "Feature",
      "geometry": {
        "type": "Point",
        "coordinates": [
          -74.234417,
          40.5236777
        ]
      },
      "properties": {
        "name": "Tutto Apposto Cucina Italiana",
        "cat": "Pizza restaurant",
        "g": "pizza",
        "addr": "31 Page Ave",
        "score": 4.8
      }
    },
    {
      "type": "Feature",
      "geometry": {
        "type": "Point",
        "coordinates": [
          -74.2466131,
          40.5092828
        ]
      },
      "properties": {
        "name": "Mangia",
        "cat": "Pizza restaurant",
        "g": "pizza",
        "addr": "7517 Amboy Rd",
        "score": 4.6
      }
    },
    {
      "type": "Feature",
      "geometry": {
        "type": "Point",
        "coordinates": [
          -74.216532,
          40.52217
        ]
      },
      "properties": {
        "name": "IL Forno Pizzeria",
        "cat": "Pizza restaurant",
        "g": "pizza",
        "addr": "6382 Amboy Rd",
        "score": 4.5
      }
    },
    {
      "type": "Feature",
      "geometry": {
        "type": "Point",
        "coordinates": [
          -74.2161169,
          40.5235882
        ]
      },
      "properties": {
        "name": "Amici Brick Oven Pizza",
        "cat": "Pizza restaurant",
        "g": "pizza",
        "addr": "6309 Amboy Rd",
        "score": 4.5
      }
    },
    {
      "type": "Feature",
      "geometry": {
        "type": "Point",
        "coordinates": [
          -74.2104808,
          40.5191353
        ]
      },
      "properties": {
        "name": "Five Star Carting Inc.",
        "cat": "Garbage collection service",
        "g": "dump",
        "addr": "137 S Goff Ave",
        "score": 2.3
      }
    },
    {
      "type": "Feature",
      "geometry": {
        "type": "Point",
        "coordinates": [
          -74.2420741,
          40.5050041
        ]
      },
      "properties": {
        "name": "Cleanout Staten Island - Ronys Junk Removal",
        "cat": "Garbage collection service",
        "g": "dump",
        "addr": "454 Yetman Ave",
        "score": 4.8
      }
    },
    {
      "type": "Feature",
      "geometry": {
        "type": "Point",
        "coordinates": [
          -74.237011,
          40.5394604
        ]
      },
      "properties": {
        "name": "Staten Island Carting Inc",
        "cat": "Garbage collection service",
        "g": "dump",
        "addr": "4220 Arthur Kill Rd",
        "score": 3
      }
    },
    {
      "type": "Feature",
      "geometry": {
        "type": "Point",
        "coordinates": [
          -74.2040064,
          40.5179234
        ]
      },
      "properties": {
        "name": "Rubbish Masters LLC",
        "cat": "Waste management service",
        "g": "dump",
        "addr": "290 Bayview Ave",
        "score": 5
      }
    },
    {
      "type": "Feature",
      "geometry": {
        "type": "Point",
        "coordinates": [
          -74.2400796,
          40.5373205
        ]
      },
      "properties": {
        "name": "2nd to None Wholesale Distribution",
        "cat": "Wholesaler",
        "g": "warehouse",
        "addr": "81 Winant Pl",
        "score": 5
      }
    },
    {
      "type": "Feature",
      "geometry": {
        "type": "Point",
        "coordinates": [
          -74.2433221,
          40.5166318
        ]
      },
      "properties": {
        "name": "Simple Foods of Staten Island",
        "cat": "Seafood wholesaler",
        "g": "warehouse",
        "addr": "87 Ellis St",
        "score": 4.6
      }
    },
    {
      "type": "Feature",
      "geometry": {
        "type": "Point",
        "coordinates": [
          -74.2370827,
          40.5389738
        ]
      },
      "properties": {
        "name": "Musafa Foods",
        "cat": "Wholesale grocer",
        "g": "warehouse",
        "addr": "15 Storer Ave Unit D",
        "score": 5
      }
    },
    {
      "type": "Feature",
      "geometry": {
        "type": "Point",
        "coordinates": [
          -73.9612513,
          40.7082638
        ]
      },
      "properties": {
        "name": "Brooklyn Bodega",
        "cat": "Grocery store",
        "g": "bodega",
        "addr": "192 S 9th St",
        "score": 4.3
      }
    },
    {
      "type": "Feature",
      "geometry": {
        "type": "Point",
        "coordinates": [
          -73.9923305,
          40.7457349
        ]
      },
      "properties": {
        "name": "La Bodega Wholesale",
        "cat": "Wholesaler",
        "g": "warehouse",
        "addr": "122 W 27th St",
        "score": null
      }
    },
    {
      "type": "Feature",
      "geometry": {
        "type": "Point",
        "coordinates": [
          -73.9400955,
          40.6999195
        ]
      },
      "properties": {
        "name": "Broadway/Fayette Bodega",
        "cat": "Supermarket",
        "g": "bodega",
        "addr": "799 Broadway",
        "score": 4.6
      }
    },
    {
      "type": "Feature",
      "geometry": {
        "type": "Point",
        "coordinates": [
          -73.862914,
          40.7474999
        ]
      },
      "properties": {
        "name": "102 ST. BODEGA",
        "cat": "Grocery store",
        "g": "bodega",
        "addr": "42-07 102nd St",
        "score": 4.6
      }
    },
    {
      "type": "Feature",
      "geometry": {
        "type": "Point",
        "coordinates": [
          -73.9279458,
          40.8567858
        ]
      },
      "properties": {
        "name": "LA BODEGA 193",
        "cat": "Grocery store",
        "g": "bodega",
        "addr": "124 Fort George Ave",
        "score": 4.6
      }
    },
    {
      "type": "Feature",
      "geometry": {
        "type": "Point",
        "coordinates": [
          -73.975311,
          40.686884
        ]
      },
      "properties": {
        "name": "LA BLUE SKY BODEGA CORP",
        "cat": "Convenience store",
        "g": "bodega",
        "addr": "727 Fulton St",
        "score": 5
      }
    },
    {
      "type": "Feature",
      "geometry": {
        "type": "Point",
        "coordinates": [
          -74.2488219,
          40.5104681
        ]
      },
      "properties": {
        "name": "Fillmore Termite & Pest Control Inc",
        "cat": "Pest control service",
        "g": "exterminator",
        "addr": "449 Craig Ave",
        "score": 5
      }
    },
    {
      "type": "Feature",
      "geometry": {
        "type": "Point",
        "coordinates": [
          -74.2488916,
          40.5043678
        ]
      },
      "properties": {
        "name": "A All Borough Exterminating Co. Inc",
        "cat": "Pest control service",
        "g": "exterminator",
        "addr": "139 Finlay St",
        "score": 4.5
      }
    },
    {
      "type": "Feature",
      "geometry": {
        "type": "Point",
        "coordinates": [
          -74.1997197,
          40.5240748
        ]
      },
      "properties": {
        "name": "OnGuard Pest Control",
        "cat": "Pest control service",
        "g": "exterminator",
        "addr": "107 Seguine Ave",
        "score": 5
      }
    },
    {
      "type": "Feature",
      "geometry": {
        "type": "Point",
        "coordinates": [
          -74.1634774,
          40.5302085
        ]
      },
      "properties": {
        "name": "Staten Island Pest Management",
        "cat": "Pest control service",
        "g": "exterminator",
        "addr": "119 Elmbank St",
        "score": 5
      }
    },
    {
      "type": "Feature",
      "geometry": {
        "type": "Point",
        "coordinates": [
          -74.1670418,
          40.5260052
        ]
      },
      "properties": {
        "name": "Ban-A-Bug Pest Control Inc.",
        "cat": "Pest control service",
        "g": "exterminator",
        "addr": "6 Oceanview Ave",
        "score": 5
      }
    },
    {
      "type": "Feature",
      "geometry": {
        "type": "Point",
        "coordinates": [
          -74.1468185,
          40.5646056
        ]
      },
      "properties": {
        "name": "Staten Island NY Bedbug Roach Ant Termite Mice Pest Control Exterminator",
        "cat": "Pest control service",
        "g": "exterminator",
        "addr": "",
        "score": 5
      }
    },
    {
      "type": "Feature",
      "geometry": {
        "type": "Point",
        "coordinates": [
          -74.0127107,
          40.7058035
        ]
      },
      "properties": {
        "name": "Abitino’s Pizza Financial District",
        "cat": "Pizza restaurant",
        "g": "pizza",
        "addr": "32 Broadway",
        "score": 4.8
      }
    },
    {
      "type": "Feature",
      "geometry": {
        "type": "Point",
        "coordinates": [
          -74.0130246,
          40.701009
        ]
      },
      "properties": {
        "name": "Pizza Plus",
        "cat": "Pizza restaurant",
        "g": "pizza",
        "addr": "4 South St",
        "score": 4.7
      }
    },
    {
      "type": "Feature",
      "geometry": {
        "type": "Point",
        "coordinates": [
          -74.0086378,
          40.7058693
        ]
      },
      "properties": {
        "name": "Upside Pizza",
        "cat": "Pizza restaurant",
        "g": "pizza",
        "addr": "63 Wall St",
        "score": 4.6
      }
    },
    {
      "type": "Feature",
      "geometry": {
        "type": "Point",
        "coordinates": [
          -74.016977,
          40.6891565
        ]
      },
      "properties": {
        "name": "Pizzeria Fantastica",
        "cat": "Pizza restaurant",
        "g": "pizza",
        "addr": "403 Comfort Rd",
        "score": 4.5
      }
    },
    {
      "type": "Feature",
      "geometry": {
        "type": "Point",
        "coordinates": [
          -74.0097251,
          40.7049516
        ]
      },
      "properties": {
        "name": "Underground Pizza",
        "cat": "Pizza restaurant",
        "g": "pizza",
        "addr": "3 Hanover Square #2615",
        "score": 4.6
      }
    },
    {
      "type": "Feature",
      "geometry": {
        "type": "Point",
        "coordinates": [
          -74.0097029,
          40.712115
        ]
      },
      "properties": {
        "name": "Stage Door Pizzeria",
        "cat": "Pizza restaurant",
        "g": "pizza",
        "addr": "26 Vesey St 2nd Floor",
        "score": 4.5
      }
    },
    {
      "type": "Feature",
      "geometry": {
        "type": "Point",
        "coordinates": [
          -74.0098578,
          40.7155917
        ]
      },
      "properties": {
        "name": "Jay's Pizza",
        "cat": "Pizza restaurant",
        "g": "pizza",
        "addr": "146 Chambers St",
        "score": 4.6
      }
    },
    {
      "type": "Feature",
      "geometry": {
        "type": "Point",
        "coordinates": [
          -74.0138978,
          40.7081484
        ]
      },
      "properties": {
        "name": "Siena Pizza",
        "cat": "Pizza restaurant",
        "g": "pizza",
        "addr": "14 Rector St",
        "score": 4.5
      }
    },
    {
      "type": "Feature",
      "geometry": {
        "type": "Point",
        "coordinates": [
          -74.0120408,
          40.7095045
        ]
      },
      "properties": {
        "name": "Hank's Pizza",
        "cat": "Pizza restaurant",
        "g": "pizza",
        "addr": "110 Trinity Pl",
        "score": 4.5
      }
    },
    {
      "type": "Feature",
      "geometry": {
        "type": "Point",
        "coordinates": [
          -74.007677,
          40.7100842
        ]
      },
      "properties": {
        "name": "Joe’s Pizza",
        "cat": "Pizza restaurant",
        "g": "pizza",
        "addr": "124 Fulton St",
        "score": 4.5
      }
    },
    {
      "type": "Feature",
      "geometry": {
        "type": "Point",
        "coordinates": [
          -74.0122989,
          40.7049108
        ]
      },
      "properties": {
        "name": "PIZZA ETALIA",
        "cat": "Pizza restaurant",
        "g": "pizza",
        "addr": "20 Beaver St",
        "score": 4.4
      }
    },
    {
      "type": "Feature",
      "geometry": {
        "type": "Point",
        "coordinates": [
          -74.0080928,
          40.7242395
        ]
      },
      "properties": {
        "name": "LTD Pizza and Bar",
        "cat": "Pizza restaurant",
        "g": "pizza",
        "addr": "225 Hudson St",
        "score": 4.7
      }
    },
    {
      "type": "Feature",
      "geometry": {
        "type": "Point",
        "coordinates": [
          -74.0172087,
          40.7060556
        ]
      },
      "properties": {
        "name": "Inatteso Pizzabar",
        "cat": "Pizza restaurant",
        "g": "pizza",
        "addr": "28 Little W St",
        "score": 4.3
      }
    },
    {
      "type": "Feature",
      "geometry": {
        "type": "Point",
        "coordinates": [
          -74.01048,
          40.7040298
        ]
      },
      "properties": {
        "name": "Justino's Pizza",
        "cat": "Pizza restaurant",
        "g": "pizza",
        "addr": "77 Pearl St",
        "score": 4.3
      }
    },
    {
      "type": "Feature",
      "geometry": {
        "type": "Point",
        "coordinates": [
          -74.009975,
          40.7093664
        ]
      },
      "properties": {
        "name": "Expert Exterminating Inc.",
        "cat": "Pest control service",
        "g": "exterminator",
        "addr": "160 Broadway",
        "score": 4.9
      }
    },
    {
      "type": "Feature",
      "geometry": {
        "type": "Point",
        "coordinates": [
          -74.0049023,
          40.7078943
        ]
      },
      "properties": {
        "name": "Bed Bug Exterminator NYC",
        "cat": "Pest control service",
        "g": "exterminator",
        "addr": "40 Fulton St",
        "score": 5
      }
    },
    {
      "type": "Feature",
      "geometry": {
        "type": "Point",
        "coordinates": [
          -74.013041,
          40.7064697
        ]
      },
      "properties": {
        "name": "Assured Environments",
        "cat": "Pest control service",
        "g": "exterminator",
        "addr": "45 Broadway 10th Floor",
        "score": 4.8
      }
    },
    {
      "type": "Feature",
      "geometry": {
        "type": "Point",
        "coordinates": [
          -73.9924627,
          40.7513859
        ]
      },
      "properties": {
        "name": "All Out Bed Bug Exterminators NYC",
        "cat": "Pest control service",
        "g": "exterminator",
        "addr": "1 Pennsylvania Plaza Suite 326",
        "score": 5
      }
    },
    {
      "type": "Feature",
      "geometry": {
        "type": "Point",
        "coordinates": [
          -73.9978646,
          40.6791422
        ]
      },
      "properties": {
        "name": "Empire Pest Control",
        "cat": "Pest control service",
        "g": "exterminator",
        "addr": "438 Court St",
        "score": 3.8
      }
    },
    {
      "type": "Feature",
      "geometry": {
        "type": "Point",
        "coordinates": [
          -74.0001047,
          40.671679
        ]
      },
      "properties": {
        "name": "Rat Exterminator Corporation",
        "cat": "Pest control service",
        "g": "exterminator",
        "addr": "248 Creamer St Suite 11",
        "score": 5
      }
    },
    {
      "type": "Feature",
      "geometry": {
        "type": "Point",
        "coordinates": [
          -73.942086,
          40.684065
        ]
      },
      "properties": {
        "name": "A-List Exterminator",
        "cat": "Pest control service",
        "g": "exterminator",
        "addr": "396 Jefferson Ave",
        "score": 4.9
      }
    },
    {
      "type": "Feature",
      "geometry": {
        "type": "Point",
        "coordinates": [
          -73.9822301,
          40.6861444
        ]
      },
      "properties": {
        "name": "Rest Easy Pest Control",
        "cat": "Pest control service",
        "g": "exterminator",
        "addr": "457 Atlantic Ave",
        "score": 4.9
      }
    },
    {
      "type": "Feature",
      "geometry": {
        "type": "Point",
        "coordinates": [
          -73.9883516,
          40.6712555
        ]
      },
      "properties": {
        "name": "Big Apple Pest Control",
        "cat": "Pest control service",
        "g": "exterminator",
        "addr": "426 4th Ave",
        "score": 4.6
      }
    },
    {
      "type": "Feature",
      "geometry": {
        "type": "Point",
        "coordinates": [
          -74.0045355,
          40.7486052
        ]
      },
      "properties": {
        "name": "Prime New York Exterminator",
        "cat": "Pest control service",
        "g": "exterminator",
        "addr": "512 W 24th St",
        "score": 5
      }
    },
    {
      "type": "Feature",
      "geometry": {
        "type": "Point",
        "coordinates": [
          -74.0129819,
          40.7058715
        ]
      },
      "properties": {
        "name": "NYC Bedbug Inspections",
        "cat": "Pest control service",
        "g": "exterminator",
        "addr": "32 Broadway Suite #114",
        "score": 5
      }
    },
    {
      "type": "Feature",
      "geometry": {
        "type": "Point",
        "coordinates": [
          -74.0073516,
          40.7144564
        ]
      },
      "properties": {
        "name": "Calm Pest Control",
        "cat": "Pest control service",
        "g": "exterminator",
        "addr": "88 Chambers St FRNT 101",
        "score": 5
      }
    },
    {
      "type": "Feature",
      "geometry": {
        "type": "Point",
        "coordinates": [
          -73.9435239,
          40.7172669
        ]
      },
      "properties": {
        "name": "Full Force Pest Control",
        "cat": "Pest control service",
        "g": "exterminator",
        "addr": "200 Withers St Suite 1A",
        "score": 5
      }
    },
    {
      "type": "Feature",
      "geometry": {
        "type": "Point",
        "coordinates": [
          -73.9777983,
          40.7625614
        ]
      },
      "properties": {
        "name": "Biotech Termite & Pest Control - Commercial & Residential Exterminators",
        "cat": "Pest control service",
        "g": "exterminator",
        "addr": "1350 6th Ave",
        "score": 4.9
      }
    },
    {
      "type": "Feature",
      "geometry": {
        "type": "Point",
        "coordinates": [
          -73.9872499,
          40.7113201
        ]
      },
      "properties": {
        "name": "Best pest Control",
        "cat": "Pest control service",
        "g": "exterminator",
        "addr": "311 Cherry St",
        "score": 5
      }
    },
    {
      "type": "Feature",
      "geometry": {
        "type": "Point",
        "coordinates": [
          -74.013297,
          40.712756
        ]
      },
      "properties": {
        "name": "Eco Pest Control of New York",
        "cat": "Pest control service",
        "g": "exterminator",
        "addr": "285 Fulton St",
        "score": 5
      }
    },
    {
      "type": "Feature",
      "geometry": {
        "type": "Point",
        "coordinates": [
          -74.1508659,
          40.6319412
        ]
      },
      "properties": {
        "name": "A-Town Distribution",
        "cat": "Wholesaler",
        "g": "warehouse",
        "addr": "351 Walker St",
        "score": null
      }
    },
    {
      "type": "Feature",
      "geometry": {
        "type": "Point",
        "coordinates": [
          -74.1367443,
          40.6403348
        ]
      },
      "properties": {
        "name": "Premier Produce",
        "cat": "Wholesaler",
        "g": "warehouse",
        "addr": "2207 Richmond Ter",
        "score": 5
      }
    },
    {
      "type": "Feature",
      "geometry": {
        "type": "Point",
        "coordinates": [
          -74.1228521,
          40.6379578
        ]
      },
      "properties": {
        "name": "N.Y.J Beverages",
        "cat": "Beverage distributor",
        "g": "warehouse",
        "addr": "1724 Richmond Ter",
        "score": 3.7
      }
    },
    {
      "type": "Feature",
      "geometry": {
        "type": "Point",
        "coordinates": [
          -74.073398,
          40.6161986
        ]
      },
      "properties": {
        "name": "Verrazano Wholesale & Distribution",
        "cat": "Distribution service",
        "g": "warehouse",
        "addr": "172 Lynhurst Ave",
        "score": 4.3
      }
    },
    {
      "type": "Feature",
      "geometry": {
        "type": "Point",
        "coordinates": [
          -74.1605263,
          40.6374942
        ]
      },
      "properties": {
        "name": "Zenith Foods LLC",
        "cat": "Food products supplier",
        "g": "warehouse",
        "addr": "3015 Richmond Ter",
        "score": 3.8
      }
    },
    {
      "type": "Feature",
      "geometry": {
        "type": "Point",
        "coordinates": [
          -74.0849511,
          40.6163999
        ]
      },
      "properties": {
        "name": "Targee Food Corporation",
        "cat": "Food products supplier",
        "g": "warehouse",
        "addr": "438 Targee St",
        "score": 3.8
      }
    },
    {
      "type": "Feature",
      "geometry": {
        "type": "Point",
        "coordinates": [
          -74.0712277,
          40.6180276
        ]
      },
      "properties": {
        "name": "Beverage Island",
        "cat": "Beverage distributor",
        "g": "warehouse",
        "addr": "66 Willow Ave",
        "score": 4.6
      }
    },
    {
      "type": "Feature",
      "geometry": {
        "type": "Point",
        "coordinates": [
          -74.136737,
          40.6403356
        ]
      },
      "properties": {
        "name": "Ranchers Best Wholesale Meats & More",
        "cat": "Meat wholesaler",
        "g": "warehouse",
        "addr": "2217 Richmond Ter",
        "score": 4.2
      }
    },
    {
      "type": "Feature",
      "geometry": {
        "type": "Point",
        "coordinates": [
          -74.1566751,
          40.6113896
        ]
      },
      "properties": {
        "name": "SBG Foods",
        "cat": "Food products supplier",
        "g": "warehouse",
        "addr": "1445 Richmond Ave",
        "score": null
      }
    },
    {
      "type": "Feature",
      "geometry": {
        "type": "Point",
        "coordinates": [
          -74.0036778,
          40.6316276
        ]
      },
      "properties": {
        "name": "R & L Food Distributors Inc",
        "cat": "Wholesaler",
        "g": "warehouse",
        "addr": "1066 60th St",
        "score": 5
      }
    },
    {
      "type": "Feature",
      "geometry": {
        "type": "Point",
        "coordinates": [
          -73.9988423,
          40.6606641
        ]
      },
      "properties": {
        "name": "BBB Wholesale",
        "cat": "Beverage distributor",
        "g": "warehouse",
        "addr": "186 25th St",
        "score": 4.5
      }
    },
    {
      "type": "Feature",
      "geometry": {
        "type": "Point",
        "coordinates": [
          -74.0169702,
          40.6519902
        ]
      },
      "properties": {
        "name": "Jay's Food & Beverage Distribution",
        "cat": "Beverage distributor",
        "g": "warehouse",
        "addr": "113 47th St",
        "score": 5
      }
    },
    {
      "type": "Feature",
      "geometry": {
        "type": "Point",
        "coordinates": [
          -74.1341044,
          40.6372619
        ]
      },
      "properties": {
        "name": "Value Beer & Drinks",
        "cat": "Beverage distributor",
        "g": "warehouse",
        "addr": "162 Port Richmond Ave",
        "score": 5
      }
    },
    {
      "type": "Feature",
      "geometry": {
        "type": "Point",
        "coordinates": [
          -74.000221,
          40.672735
        ]
      },
      "properties": {
        "name": "COURT STREET TRANSFER STATION",
        "cat": "Waste management service",
        "g": "dump",
        "addr": "577 Court St",
        "score": 2.3
      }
    },
    {
      "type": "Feature",
      "geometry": {
        "type": "Point",
        "coordinates": [
          -73.9977864,
          40.668748
        ]
      },
      "properties": {
        "name": "Hamilton Avenue Marine Transfer Station",
        "cat": "Waste management service",
        "g": "dump",
        "addr": "500 Hamilton Ave",
        "score": 4.2
      }
    },
    {
      "type": "Feature",
      "geometry": {
        "type": "Point",
        "coordinates": [
          -73.9921746,
          40.7104055
        ]
      },
      "properties": {
        "name": "DSNY Special Waste Drop-Off Site",
        "cat": "Waste management service",
        "g": "dump",
        "addr": "74 Pike Slip",
        "score": 4.2
      }
    },
    {
      "type": "Feature",
      "geometry": {
        "type": "Point",
        "coordinates": [
          -73.918869,
          40.7174835
        ]
      },
      "properties": {
        "name": "New Style Recycling Corporation",
        "cat": "Recycling center",
        "g": "dump",
        "addr": "49-10 Grand Ave",
        "score": 4.1
      }
    },
    {
      "type": "Feature",
      "geometry": {
        "type": "Point",
        "coordinates": [
          -73.9344665,
          40.7254846
        ]
      },
      "properties": {
        "name": "Brooklyn C&D Transfer Station",
        "cat": "Waste management service",
        "g": "dump",
        "addr": "542 Varick Ave",
        "score": 4.1
      }
    },
    {
      "type": "Feature",
      "geometry": {
        "type": "Point",
        "coordinates": [
          -73.9288291,
          40.7099882
        ]
      },
      "properties": {
        "name": "Cooper Recycling",
        "cat": "Recycling center",
        "g": "dump",
        "addr": "123 Varick Ave",
        "score": 4.4
      }
    },
    {
      "type": "Feature",
      "geometry": {
        "type": "Point",
        "coordinates": [
          -73.9343055,
          40.6362073
        ]
      },
      "properties": {
        "name": "DeCostole Recycling & Transfer Station",
        "cat": "Recycling center",
        "g": "dump",
        "addr": "1481 Troy Ave",
        "score": 4.9
      }
    },
    {
      "type": "Feature",
      "geometry": {
        "type": "Point",
        "coordinates": [
          -73.9296413,
          40.8072929
        ]
      },
      "properties": {
        "name": "WM - Harlem River Yard Transfer Station",
        "cat": "Garbage collection service",
        "g": "dump",
        "addr": "98 Lincoln Ave",
        "score": 4.4
      }
    },
    {
      "type": "Feature",
      "geometry": {
        "type": "Point",
        "coordinates": [
          -73.9137193,
          40.6959124
        ]
      },
      "properties": {
        "name": "Woodbine Natural Deli",
        "cat": "Deli",
        "g": "bodega",
        "addr": "279 Woodbine St",
        "score": 4.8
      }
    },
    {
      "type": "Feature",
      "geometry": {
        "type": "Point",
        "coordinates": [
          -73.9789809,
          40.6658231
        ]
      },
      "properties": {
        "name": "Parkview Market",
        "cat": "Deli",
        "g": "bodega",
        "addr": "511 9th St",
        "score": 4.8
      }
    },
    {
      "type": "Feature",
      "geometry": {
        "type": "Point",
        "coordinates": [
          -73.9068926,
          40.7003828
        ]
      },
      "properties": {
        "name": "Prince bodega",
        "cat": "Convenience store",
        "g": "bodega",
        "addr": "16-93 Putnam Ave",
        "score": 5
      }
    },
    {
      "type": "Feature",
      "geometry": {
        "type": "Point",
        "coordinates": [
          -73.825294,
          40.671474
        ]
      },
      "properties": {
        "name": "La Bodega Food Corp",
        "cat": "Deli",
        "g": "bodega",
        "addr": "114-27 135th Ave",
        "score": 5
      }
    },
    {
      "type": "Feature",
      "geometry": {
        "type": "Point",
        "coordinates": [
          -73.9055121,
          40.701283
        ]
      },
      "properties": {
        "name": "Seneca Finest Deli",
        "cat": "Deli",
        "g": "bodega",
        "addr": "8-02 Seneca Ave",
        "score": 4.8
      }
    },
    {
      "type": "Feature",
      "geometry": {
        "type": "Point",
        "coordinates": [
          -74.2301757,
          40.5493519
        ]
      },
      "properties": {
        "name": "Candy Zone Wholesale Distributor",
        "cat": "Wholesaler",
        "g": "warehouse",
        "addr": "125 Industrial Loop E",
        "score": 3
      }
    },
    {
      "type": "Feature",
      "geometry": {
        "type": "Point",
        "coordinates": [
          -74.0151806,
          40.6303078
        ]
      },
      "properties": {
        "name": "Red Bowl Food Corporation",
        "cat": "Food products supplier",
        "g": "warehouse",
        "addr": "6904 8th Ave",
        "score": 4.8
      }
    },
    {
      "type": "Feature",
      "geometry": {
        "type": "Point",
        "coordinates": [
          -74.000266,
          40.61663
        ]
      },
      "properties": {
        "name": "Roma Syrups and Beverage Systems",
        "cat": "Beverage distributor",
        "g": "warehouse",
        "addr": "7401 16th Ave",
        "score": 3.9
      }
    },
    {
      "type": "Feature",
      "geometry": {
        "type": "Point",
        "coordinates": [
          -74.2006441,
          40.5256904
        ]
      },
      "properties": {
        "name": "Bruzzese's Italian Gourmet Salumeria",
        "cat": "Deli",
        "g": "bodega",
        "addr": "27 Seguine Ave",
        "score": 4.5
      }
    },
    {
      "type": "Feature",
      "geometry": {
        "type": "Point",
        "coordinates": [
          -74.2377871,
          40.5379314
        ]
      },
      "properties": {
        "name": "Alessi & Sons",
        "cat": "Grocery store",
        "g": "bodega",
        "addr": "4275 Arthur Kill Rd Store 3",
        "score": 5
      }
    },
    {
      "type": "Feature",
      "geometry": {
        "type": "Point",
        "coordinates": [
          -74.243895,
          40.516877
        ]
      },
      "properties": {
        "name": "La Bella Marketplace",
        "cat": "Supermarket",
        "g": "bodega",
        "addr": "99 Ellis St",
        "score": 4.5
      }
    },
    {
      "type": "Feature",
      "geometry": {
        "type": "Point",
        "coordinates": [
          -73.957863,
          40.590674
        ]
      },
      "properties": {
        "name": "M&K Pest control",
        "cat": "Pest control service",
        "g": "exterminator",
        "addr": "1227 Doone Ct",
        "score": 4.5
      }
    },
    {
      "type": "Feature",
      "geometry": {
        "type": "Point",
        "coordinates": [
          -73.9627637,
          40.5775832
        ]
      },
      "properties": {
        "name": "Positive Pest Control Inc",
        "cat": "Pest control service",
        "g": "exterminator",
        "addr": "417 Brighton Beach Ave 2nd Fl",
        "score": 4.8
      }
    },
    {
      "type": "Feature",
      "geometry": {
        "type": "Point",
        "coordinates": [
          -73.9623983,
          40.6221702
        ]
      },
      "properties": {
        "name": "NEW YORK EXTERMINATING INC.",
        "cat": "Pest control service",
        "g": "exterminator",
        "addr": "1115 E 13th St",
        "score": 4.9
      }
    },
    {
      "type": "Feature",
      "geometry": {
        "type": "Point",
        "coordinates": [
          -73.9263337,
          40.6191742
        ]
      },
      "properties": {
        "name": "TNR Exterminators Inc",
        "cat": "Pest control service",
        "g": "exterminator",
        "addr": "5013 Avenue N",
        "score": 4.4
      }
    },
    {
      "type": "Feature",
      "geometry": {
        "type": "Point",
        "coordinates": [
          -73.9735557,
          40.6135506
        ]
      },
      "properties": {
        "name": "Best@Pest Exterminating",
        "cat": "Pest control service",
        "g": "exterminator",
        "addr": "1611 McDonald Ave",
        "score": 4.8
      }
    },
    {
      "type": "Feature",
      "geometry": {
        "type": "Point",
        "coordinates": [
          -73.9735557,
          40.6135506
        ]
      },
      "properties": {
        "name": "Best Pest Supplies",
        "cat": "Pest control service",
        "g": "exterminator",
        "addr": "1611 McDonald Ave",
        "score": 4.6
      }
    },
    {
      "type": "Feature",
      "geometry": {
        "type": "Point",
        "coordinates": [
          -73.8713868,
          40.7028749
        ]
      },
      "properties": {
        "name": "Advanced Pest Management Services Inc - Residential & Commercial Exterminators",
        "cat": "Pest control service",
        "g": "exterminator",
        "addr": "78-07 Myrtle Ave",
        "score": 4.8
      }
    },
    {
      "type": "Feature",
      "geometry": {
        "type": "Point",
        "coordinates": [
          -74.1828525,
          40.5980771
        ]
      },
      "properties": {
        "name": "Giant Beverage Co",
        "cat": "Beverage distributor",
        "g": "warehouse",
        "addr": "33A Baron Blvd",
        "score": 3.7
      }
    },
    {
      "type": "Feature",
      "geometry": {
        "type": "Point",
        "coordinates": [
          -74.0051023,
          40.6229977
        ]
      },
      "properties": {
        "name": "DRNX",
        "cat": "Beverage distributor",
        "g": "warehouse",
        "addr": "7014 13th Ave #202",
        "score": 5
      }
    },
    {
      "type": "Feature",
      "geometry": {
        "type": "Point",
        "coordinates": [
          -74.0267654,
          40.6333787
        ]
      },
      "properties": {
        "name": "7201 BRBR Inc.",
        "cat": "Grocery store",
        "g": "bodega",
        "addr": "7201 3rd Ave",
        "score": 3.7
      }
    },
    {
      "type": "Feature",
      "geometry": {
        "type": "Point",
        "coordinates": [
          -74.007202,
          40.61801
        ]
      },
      "properties": {
        "name": "Maisa Snacks Corporation",
        "cat": "Food products supplier",
        "g": "warehouse",
        "addr": "1364 77th St",
        "score": 5
      }
    },
    {
      "type": "Feature",
      "geometry": {
        "type": "Point",
        "coordinates": [
          -74.0051151,
          40.6770348
        ]
      },
      "properties": {
        "name": "Empire Food",
        "cat": "Food products supplier",
        "g": "warehouse",
        "addr": "35 W 9th St",
        "score": 5
      }
    },
    {
      "type": "Feature",
      "geometry": {
        "type": "Point",
        "coordinates": [
          -74.0013796,
          40.670042
        ]
      },
      "properties": {
        "name": "Leader Foods, Ukrainian and European foods distributor.",
        "cat": "Food products supplier",
        "g": "warehouse",
        "addr": "180 Halleck St",
        "score": 4.1
      }
    },
    {
      "type": "Feature",
      "geometry": {
        "type": "Point",
        "coordinates": [
          -73.9908286,
          40.7154755
        ]
      },
      "properties": {
        "name": "Smart Food NY Inc.",
        "cat": "Food products supplier",
        "g": "warehouse",
        "addr": "25 Ludlow St Ground Floor",
        "score": 5
      }
    },
    {
      "type": "Feature",
      "geometry": {
        "type": "Point",
        "coordinates": [
          -73.99509,
          40.668109
        ]
      },
      "properties": {
        "name": "Southeast Asia Food Group",
        "cat": "Food products supplier",
        "g": "warehouse",
        "addr": "52 15th St",
        "score": 4
      }
    },
    {
      "type": "Feature",
      "geometry": {
        "type": "Point",
        "coordinates": [
          -73.9150286,
          40.7252321
        ]
      },
      "properties": {
        "name": "Apna Wholesale",
        "cat": "Food products supplier",
        "g": "warehouse",
        "addr": "56-26 56th St",
        "score": 4.7
      }
    },
    {
      "type": "Feature",
      "geometry": {
        "type": "Point",
        "coordinates": [
          -73.9128852,
          40.7248183
        ]
      },
      "properties": {
        "name": "Putul Distributors",
        "cat": "Food products supplier",
        "g": "warehouse",
        "addr": "56-22 58th St",
        "score": 3.8
      }
    },
    {
      "type": "Feature",
      "geometry": {
        "type": "Point",
        "coordinates": [
          -73.8832649,
          40.8123597
        ]
      },
      "properties": {
        "name": "FADARO FOODS, Corp.",
        "cat": "Food products supplier",
        "g": "warehouse",
        "addr": "590 Hunts Point Ave",
        "score": 4.4
      }
    },
    {
      "type": "Feature",
      "geometry": {
        "type": "Point",
        "coordinates": [
          -74.0175819,
          40.6466348
        ]
      },
      "properties": {
        "name": "Central Alliance Distribution ( Deli/Cafe/Restaurant & Paper Supply)",
        "cat": "Wholesaler",
        "g": "warehouse",
        "addr": "244 53rd St",
        "score": 5
      }
    },
    {
      "type": "Feature",
      "geometry": {
        "type": "Point",
        "coordinates": [
          -74.0077476,
          40.6538486
        ]
      },
      "properties": {
        "name": "McDonald Paper & Restaurant Supplies",
        "cat": "Wholesaler",
        "g": "warehouse",
        "addr": "999 3rd Ave",
        "score": 4.3
      }
    },
    {
      "type": "Feature",
      "geometry": {
        "type": "Point",
        "coordinates": [
          -73.9965371,
          40.7192277
        ]
      },
      "properties": {
        "name": "Di Palo's Fine Foods",
        "cat": "Italian grocery store",
        "g": "bodega",
        "addr": "200 Grand St",
        "score": 4.8
      }
    },
    {
      "type": "Feature",
      "geometry": {
        "type": "Point",
        "coordinates": [
          -73.9959353,
          40.5739526
        ]
      },
      "properties": {
        "name": "Cleanout Brooklyn - Ronys Junk Removal",
        "cat": "Garbage collection service",
        "g": "dump",
        "addr": "2961 W 30th St",
        "score": 4.8
      }
    },
    {
      "type": "Feature",
      "geometry": {
        "type": "Point",
        "coordinates": [
          -73.9892929,
          40.5788467
        ]
      },
      "properties": {
        "name": "Big A Garbage Removal, Inc.",
        "cat": "Dumpster rental service",
        "g": "dump",
        "addr": "2127 Neptune Ave",
        "score": 4.4
      }
    },
    {
      "type": "Feature",
      "geometry": {
        "type": "Point",
        "coordinates": [
          -74.2453035,
          40.5151265
        ]
      },
      "properties": {
        "name": "Borders Convenience Store",
        "cat": "Convenience store",
        "g": "bodega",
        "addr": "5271 Arthur Kill Rd",
        "score": 4.8
      }
    },
    {
      "type": "Feature",
      "geometry": {
        "type": "Point",
        "coordinates": [
          -74.236158,
          40.517916
        ]
      },
      "properties": {
        "name": "Scotty's Marketplace",
        "cat": "Supermarket",
        "g": "bodega",
        "addr": "240 Page Ave",
        "score": 4.3
      }
    },
    {
      "type": "Feature",
      "geometry": {
        "type": "Point",
        "coordinates": [
          -73.9005187,
          40.8849363
        ]
      },
      "properties": {
        "name": "238 Corner Bodega",
        "cat": "Grocery store",
        "g": "bodega",
        "addr": "5818 Broadway",
        "score": 3.5
      }
    },
    {
      "type": "Feature",
      "geometry": {
        "type": "Point",
        "coordinates": [
          -73.8682526,
          40.8792393
        ]
      },
      "properties": {
        "name": "Bx Blvd Bodega/Deli",
        "cat": "Grocery store",
        "g": "bodega",
        "addr": "3552 Bronx Blvd",
        "score": 4.8
      }
    },
    {
      "type": "Feature",
      "geometry": {
        "type": "Point",
        "coordinates": [
          -73.906388,
          40.8582771
        ]
      },
      "properties": {
        "name": "La Grand Grocery Corp",
        "cat": "Grocery store",
        "g": "bodega",
        "addr": "2241 Grand Ave",
        "score": 4.9
      }
    },
    {
      "type": "Feature",
      "geometry": {
        "type": "Point",
        "coordinates": [
          -73.9037095,
          40.8624005
        ]
      },
      "properties": {
        "name": "Tu Bodega Deli Grocery",
        "cat": "Deli",
        "g": "bodega",
        "addr": "2425 Grand Ave",
        "score": 4.1
      }
    },
    {
      "type": "Feature",
      "geometry": {
        "type": "Point",
        "coordinates": [
          -73.902762,
          40.8731559
        ]
      },
      "properties": {
        "name": "DELIMANIA GROCERY",
        "cat": "Grocery store",
        "g": "bodega",
        "addr": "2780 Kingsbridge Terrace",
        "score": 4.8
      }
    },
    {
      "type": "Feature",
      "geometry": {
        "type": "Point",
        "coordinates": [
          -73.8688291,
          40.8656521
        ]
      },
      "properties": {
        "name": "MI BODEGA DELI FOOD",
        "cat": "Grocery store",
        "g": "bodega",
        "addr": "663 Allerton Ave",
        "score": 5
      }
    },
    {
      "type": "Feature",
      "geometry": {
        "type": "Point",
        "coordinates": [
          -73.8654336,
          40.8594802
        ]
      },
      "properties": {
        "name": "Palo Blanco Grocery",
        "cat": "Grocery store",
        "g": "bodega",
        "addr": "750 Astor Ave",
        "score": 4.4
      }
    },
    {
      "type": "Feature",
      "geometry": {
        "type": "Point",
        "coordinates": [
          -73.8975826,
          40.8916036
        ]
      },
      "properties": {
        "name": "245 Broadway Market",
        "cat": "Grocery store",
        "g": "bodega",
        "addr": "6029 Broadway",
        "score": 4.7
      }
    },
    {
      "type": "Feature",
      "geometry": {
        "type": "Point",
        "coordinates": [
          -73.885348,
          40.8753816
        ]
      },
      "properties": {
        "name": "La Gandola Deli Grocery",
        "cat": "Deli",
        "g": "bodega",
        "addr": "",
        "score": 4.6
      }
    },
    {
      "type": "Feature",
      "geometry": {
        "type": "Point",
        "coordinates": [
          -73.8639824,
          40.8547454
        ]
      },
      "properties": {
        "name": "Hot Spot Deli & Grocery",
        "cat": "Grocery store",
        "g": "bodega",
        "addr": "2143 Barnes Ave",
        "score": 4.3
      }
    },
    {
      "type": "Feature",
      "geometry": {
        "type": "Point",
        "coordinates": [
          -73.9038747,
          40.9084158
        ]
      },
      "properties": {
        "name": "Yohan's Deli & Grocery",
        "cat": "Grocery store",
        "g": "bodega",
        "addr": "5995 Riverdale Ave",
        "score": 4.6
      }
    },
    {
      "type": "Feature",
      "geometry": {
        "type": "Point",
        "coordinates": [
          -73.8725713,
          40.8963554
        ]
      },
      "properties": {
        "name": "THE FAMOUS DELI CORP.",
        "cat": "Deli",
        "g": "bodega",
        "addr": "4201 Oneida Ave",
        "score": 4.7
      }
    },
    {
      "type": "Feature",
      "geometry": {
        "type": "Point",
        "coordinates": [
          -73.8983852,
          40.8900398
        ]
      },
      "properties": {
        "name": "Broadway Joe's Pizza",
        "cat": "Pizza restaurant",
        "g": "pizza",
        "addr": "5985 Broadway",
        "score": 4.5
      }
    },
    {
      "type": "Feature",
      "geometry": {
        "type": "Point",
        "coordinates": [
          -73.9012493,
          40.8559493
        ]
      },
      "properties": {
        "name": "Halal King Pizza",
        "cat": "Pizza restaurant",
        "g": "pizza",
        "addr": "2197 Grand Concourse",
        "score": 4.9
      }
    },
    {
      "type": "Feature",
      "geometry": {
        "type": "Point",
        "coordinates": [
          -73.8555864,
          40.856507
        ]
      },
      "properties": {
        "name": "Original Joe’s Pizzeria",
        "cat": "Pizza restaurant",
        "g": "pizza",
        "addr": "2136 Williamsbridge Rd",
        "score": 4.7
      }
    },
    {
      "type": "Feature",
      "geometry": {
        "type": "Point",
        "coordinates": [
          -73.8866334,
          40.8553074
        ]
      },
      "properties": {
        "name": "Famosa Pizza",
        "cat": "Pizza restaurant",
        "g": "pizza",
        "addr": "621 E 187th St",
        "score": 4.7
      }
    },
    {
      "type": "Feature",
      "geometry": {
        "type": "Point",
        "coordinates": [
          -73.8487637,
          40.8984716
        ]
      },
      "properties": {
        "name": "Zeny's Pizza",
        "cat": "Pizza restaurant",
        "g": "pizza",
        "addr": "1840 Nereid Ave",
        "score": 4.8
      }
    },
    {
      "type": "Feature",
      "geometry": {
        "type": "Point",
        "coordinates": [
          -73.8769084,
          40.871485
        ]
      },
      "properties": {
        "name": "Lona's Pizza",
        "cat": "Pizza restaurant",
        "g": "pizza",
        "addr": "373 E 204th St",
        "score": 4.7
      }
    },
    {
      "type": "Feature",
      "geometry": {
        "type": "Point",
        "coordinates": [
          -73.855186,
          40.859889
        ]
      },
      "properties": {
        "name": "Venezia Pizza",
        "cat": "Pizza restaurant",
        "g": "pizza",
        "addr": "1115 Astor Ave",
        "score": 4.5
      }
    },
    {
      "type": "Feature",
      "geometry": {
        "type": "Point",
        "coordinates": [
          -73.849348,
          40.8758762
        ]
      },
      "properties": {
        "name": "Jerry's Pizza",
        "cat": "Pizza restaurant",
        "g": "pizza",
        "addr": "3430 Boston Rd",
        "score": 4.7
      }
    },
    {
      "type": "Feature",
      "geometry": {
        "type": "Point",
        "coordinates": [
          -73.8875914,
          40.8553028
        ]
      },
      "properties": {
        "name": "Mezza Luna Pizza",
        "cat": "Pizza restaurant",
        "g": "pizza",
        "addr": "600 E 187th St",
        "score": 4.4
      }
    },
    {
      "type": "Feature",
      "geometry": {
        "type": "Point",
        "coordinates": [
          -73.8848173,
          40.8587496
        ]
      },
      "properties": {
        "name": "Pugsley Pizza",
        "cat": "Pizza restaurant",
        "g": "pizza",
        "addr": "590 E 191st St",
        "score": 4.6
      }
    },
    {
      "type": "Feature",
      "geometry": {
        "type": "Point",
        "coordinates": [
          -73.8939997,
          40.8601368
        ]
      },
      "properties": {
        "name": "Monte Pizza Pasta Corp",
        "cat": "Pizza restaurant",
        "g": "pizza",
        "addr": "360 E 188th St",
        "score": 4.4
      }
    },
    {
      "type": "Feature",
      "geometry": {
        "type": "Point",
        "coordinates": [
          -73.901375,
          40.9050466
        ]
      },
      "properties": {
        "name": "Dino's Pizzeria",
        "cat": "Pizza restaurant",
        "g": "pizza",
        "addr": "5660 Mosholu Ave",
        "score": 4.5
      }
    },
    {
      "type": "Feature",
      "geometry": {
        "type": "Point",
        "coordinates": [
          -73.9254182,
          40.8636439
        ]
      },
      "properties": {
        "name": "La Bodeguita Express Inc",
        "cat": "Grocery store",
        "g": "bodega",
        "addr": "101 Sherman Ave",
        "score": 5
      }
    },
    {
      "type": "Feature",
      "geometry": {
        "type": "Point",
        "coordinates": [
          -73.92983,
          40.8633194
        ]
      },
      "properties": {
        "name": "Santos Gourmet Deli Grocery",
        "cat": "Deli",
        "g": "bodega",
        "addr": "4672 Broadway",
        "score": 4.7
      }
    },
    {
      "type": "Feature",
      "geometry": {
        "type": "Point",
        "coordinates": [
          -73.9372607,
          40.8550954
        ]
      },
      "properties": {
        "name": "Fresco's Pizzeria",
        "cat": "Pizza restaurant",
        "g": "pizza",
        "addr": "804 W 187th St",
        "score": 4.5
      }
    },
    {
      "type": "Feature",
      "geometry": {
        "type": "Point",
        "coordinates": [
          -73.9052446,
          40.8789994
        ]
      },
      "properties": {
        "name": "Charlie’s Pizza",
        "cat": "Pizza restaurant",
        "g": "pizza",
        "addr": "204 W 231st St",
        "score": 4.6
      }
    },
    {
      "type": "Feature",
      "geometry": {
        "type": "Point",
        "coordinates": [
          -73.9043407,
          40.8799894
        ]
      },
      "properties": {
        "name": "Doughboys Pizza",
        "cat": "Pizza restaurant",
        "g": "pizza",
        "addr": "5625 Broadway",
        "score": 4.5
      }
    },
    {
      "type": "Feature",
      "geometry": {
        "type": "Point",
        "coordinates": [
          -73.8676806,
          40.8987086
        ]
      },
      "properties": {
        "name": "Katonah Pizza & Pasta",
        "cat": "Pizza restaurant",
        "g": "pizza",
        "addr": "4307 Katonah Ave",
        "score": 4.4
      }
    },
    {
      "type": "Feature",
      "geometry": {
        "type": "Point",
        "coordinates": [
          -73.8431469,
          40.8625513
        ]
      },
      "properties": {
        "name": "Nora Pizza",
        "cat": "Pizza restaurant",
        "g": "pizza",
        "addr": "2456 Eastchester Rd",
        "score": 4.3
      }
    },
    {
      "type": "Feature",
      "geometry": {
        "type": "Point",
        "coordinates": [
          -73.9046362,
          40.8786831
        ]
      },
      "properties": {
        "name": "Broadway Pizza & Pasta",
        "cat": "Pizza restaurant",
        "g": "pizza",
        "addr": "192 W 231st St",
        "score": 4.1
      }
    },
    {
      "type": "Feature",
      "geometry": {
        "type": "Point",
        "coordinates": [
          -73.859549,
          40.8890631
        ]
      },
      "properties": {
        "name": "Pizza Place",
        "cat": "Pizza restaurant",
        "g": "pizza",
        "addr": "4024 White Plains Rd",
        "score": 4.2
      }
    },
    {
      "type": "Feature",
      "geometry": {
        "type": "Point",
        "coordinates": [
          -73.8495502,
          40.8841686
        ]
      },
      "properties": {
        "name": "Flipper Deli & Grocery Store",
        "cat": "Deli",
        "g": "bodega",
        "addr": "3967 Laconia Ave",
        "score": 4
      }
    },
    {
      "type": "Feature",
      "geometry": {
        "type": "Point",
        "coordinates": [
          -73.9066353,
          40.8800105
        ]
      },
      "properties": {
        "name": "251 Sunshine Deli Grocery Corp.",
        "cat": "Deli",
        "g": "bodega",
        "addr": "253 W 231st St",
        "score": 4.1
      }
    },
    {
      "type": "Feature",
      "geometry": {
        "type": "Point",
        "coordinates": [
          -73.9315711,
          40.8583446
        ]
      },
      "properties": {
        "name": "Lai Lai Market",
        "cat": "Convenience store",
        "g": "bodega",
        "addr": "45-20 US-9",
        "score": 4.6
      }
    },
    {
      "type": "Feature",
      "geometry": {
        "type": "Point",
        "coordinates": [
          -73.9284241,
          40.8625381
        ]
      },
      "properties": {
        "name": "Habibi Deli & Grocery",
        "cat": "Deli",
        "g": "bodega",
        "addr": "25 Sherman Ave",
        "score": 4.2
      }
    },
    {
      "type": "Feature",
      "geometry": {
        "type": "Point",
        "coordinates": [
          -73.9102314,
          40.8745029
        ]
      },
      "properties": {
        "name": "Taveras Food Center",
        "cat": "Grocery store",
        "g": "bodega",
        "addr": "5191 US-9",
        "score": 4.3
      }
    },
    {
      "type": "Feature",
      "geometry": {
        "type": "Point",
        "coordinates": [
          -73.8871592,
          40.8592098
        ]
      },
      "properties": {
        "name": "The Best Deli & Grill",
        "cat": "Deli",
        "g": "bodega",
        "addr": "536 E Fordham Rd",
        "score": 4
      }
    },
    {
      "type": "Feature",
      "geometry": {
        "type": "Point",
        "coordinates": [
          -73.8786569,
          40.8848202
        ]
      },
      "properties": {
        "name": "Rosario Deli & Grocery",
        "cat": "Deli",
        "g": "bodega",
        "addr": "16 E 213th St",
        "score": 4.3
      }
    },
    {
      "type": "Feature",
      "geometry": {
        "type": "Point",
        "coordinates": [
          -73.8970888,
          40.8609716
        ]
      },
      "properties": {
        "name": "Lee's Deli & Grocery",
        "cat": "Deli",
        "g": "bodega",
        "addr": "214 E 188th St",
        "score": 4.2
      }
    },
    {
      "type": "Feature",
      "geometry": {
        "type": "Point",
        "coordinates": [
          -73.8912488,
          40.8620335
        ]
      },
      "properties": {
        "name": "Pizza Squad",
        "cat": "Pizza restaurant",
        "g": "pizza",
        "addr": "2539 Webster Ave",
        "score": 4.5
      }
    },
    {
      "type": "Feature",
      "geometry": {
        "type": "Point",
        "coordinates": [
          -73.9195828,
          40.8683642
        ]
      },
      "properties": {
        "name": "Grandpa's Brick Oven Pizza",
        "cat": "Pizza restaurant",
        "g": "pizza",
        "addr": "4973 Broadway",
        "score": 4
      }
    },
    {
      "type": "Feature",
      "geometry": {
        "type": "Point",
        "coordinates": [
          -73.8968789,
          40.8622556
        ]
      },
      "properties": {
        "name": "Best Italian Pizza",
        "cat": "Pizza restaurant",
        "g": "pizza",
        "addr": "2498 Grand Concourse",
        "score": 4.2
      }
    },
    {
      "type": "Feature",
      "geometry": {
        "type": "Point",
        "coordinates": [
          -73.9250818,
          40.8624803
        ]
      },
      "properties": {
        "name": "Pizza Palace",
        "cat": "Pizza restaurant",
        "g": "pizza",
        "addr": "121 Dyckman St",
        "score": 4.8
      }
    },
    {
      "type": "Feature",
      "geometry": {
        "type": "Point",
        "coordinates": [
          -73.8829604,
          40.8809917
        ]
      },
      "properties": {
        "name": "Bronx NY Pizza",
        "cat": "Pizza restaurant",
        "g": "pizza",
        "addr": "3414 Jerome Ave",
        "score": 4.4
      }
    },
    {
      "type": "Feature",
      "geometry": {
        "type": "Point",
        "coordinates": [
          -73.8887424,
          40.8732638
        ]
      },
      "properties": {
        "name": "Jerome Pizza Pasta",
        "cat": "Pizza restaurant",
        "g": "pizza",
        "addr": "21 Bedford Park Blvd",
        "score": 4.3
      }
    },
    {
      "type": "Feature",
      "geometry": {
        "type": "Point",
        "coordinates": [
          -73.8504668,
          40.9036613
        ]
      },
      "properties": {
        "name": "Peppinos Pizza",
        "cat": "Pizza restaurant",
        "g": "pizza",
        "addr": "4701 White Plains Rd",
        "score": 4.2
      }
    },
    {
      "type": "Feature",
      "geometry": {
        "type": "Point",
        "coordinates": [
          -73.8293206,
          40.8701423
        ]
      },
      "properties": {
        "name": "Pizza Chop",
        "cat": "Pizza restaurant",
        "g": "pizza",
        "addr": "2045 Bartow Ave",
        "score": 4.3
      }
    },
    {
      "type": "Feature",
      "geometry": {
        "type": "Point",
        "coordinates": [
          -73.889547,
          40.8692083
        ]
      },
      "properties": {
        "name": "My Place Family Pizza",
        "cat": "Pizza restaurant",
        "g": "pizza",
        "addr": "240 E 198th St",
        "score": 4.4
      }
    },
    {
      "type": "Feature",
      "geometry": {
        "type": "Point",
        "coordinates": [
          -73.8583408,
          40.8631627
        ]
      },
      "properties": {
        "name": "Prego's Pizza",
        "cat": "Pizza restaurant",
        "g": "pizza",
        "addr": "1011 Mace Ave",
        "score": 4.4
      }
    },
    {
      "type": "Feature",
      "geometry": {
        "type": "Point",
        "coordinates": [
          -73.9029429,
          40.9101908
        ]
      },
      "properties": {
        "name": "Marianne's Pizza Cafe",
        "cat": "Pizza restaurant",
        "g": "pizza",
        "addr": "6100 Riverdale Ave",
        "score": 4.3
      }
    },
    {
      "type": "Feature",
      "geometry": {
        "type": "Point",
        "coordinates": [
          -73.9044246,
          40.8626349
        ]
      },
      "properties": {
        "name": "Mario's Pizza & Italian Homemade Cuisine - on W Fordham Road",
        "cat": "Pizza restaurant",
        "g": "pizza",
        "addr": "80 W Fordham Rd",
        "score": 4.2
      }
    },
    {
      "type": "Feature",
      "geometry": {
        "type": "Point",
        "coordinates": [
          -73.8648884,
          40.8597231
        ]
      },
      "properties": {
        "name": "Side By Side Pizza & Burek",
        "cat": "Pizza restaurant",
        "g": "pizza",
        "addr": "769 Astor Ave",
        "score": 4.2
      }
    },
    {
      "type": "Feature",
      "geometry": {
        "type": "Point",
        "coordinates": [
          -73.8864522,
          40.871296
        ]
      },
      "properties": {
        "name": "Adam's Deli Grocery",
        "cat": "Deli",
        "g": "bodega",
        "addr": "239 Bedford Park Blvd #241",
        "score": 4.3
      }
    },
    {
      "type": "Feature",
      "geometry": {
        "type": "Point",
        "coordinates": [
          -73.903769,
          40.8762278
        ]
      },
      "properties": {
        "name": "El Rey Deli Grocery",
        "cat": "Grocery store",
        "g": "bodega",
        "addr": "3002 Bailey Ave",
        "score": 4.7
      }
    },
    {
      "type": "Feature",
      "geometry": {
        "type": "Point",
        "coordinates": [
          -73.8496225,
          40.9056908
        ]
      },
      "properties": {
        "name": "242 Deli Food",
        "cat": "Deli",
        "g": "bodega",
        "addr": "4781 White Plains Rd",
        "score": 4.1
      }
    },
    {
      "type": "Feature",
      "geometry": {
        "type": "Point",
        "coordinates": [
          -73.8996176,
          40.878647
        ]
      },
      "properties": {
        "name": "Pimentel Deli Grocery Corp",
        "cat": "Convenience store",
        "g": "bodega",
        "addr": "3142 Heath Ave",
        "score": 4.1
      }
    },
    {
      "type": "Feature",
      "geometry": {
        "type": "Point",
        "coordinates": [
          -73.890074,
          40.8695133
        ]
      },
      "properties": {
        "name": "Deli & food corp",
        "cat": "Grocery store",
        "g": "bodega",
        "addr": "222 E 198th St",
        "score": 4.3
      }
    },
    {
      "type": "Feature",
      "geometry": {
        "type": "Point",
        "coordinates": [
          -73.904616,
          40.887044
        ]
      },
      "properties": {
        "name": "Jaspers",
        "cat": "Deli",
        "g": "bodega",
        "addr": "434 W 238th St",
        "score": 4.2
      }
    },
    {
      "type": "Feature",
      "geometry": {
        "type": "Point",
        "coordinates": [
          -73.8822165,
          40.8686288
        ]
      },
      "properties": {
        "name": "LA FAVORITA FOOD CORP",
        "cat": "Grocery store",
        "g": "bodega",
        "addr": "392 E 201st St",
        "score": 4.3
      }
    },
    {
      "type": "Feature",
      "geometry": {
        "type": "Point",
        "coordinates": [
          -73.9194727,
          40.8683532
        ]
      },
      "properties": {
        "name": "Carreon's Bakery Deli Corporation",
        "cat": "Deli",
        "g": "bodega",
        "addr": "4975 Broadway",
        "score": 4.3
      }
    },
    {
      "type": "Feature",
      "geometry": {
        "type": "Point",
        "coordinates": [
          -73.927903,
          40.8625906
        ]
      },
      "properties": {
        "name": "Sabores Deli Grocery Inc",
        "cat": "Deli",
        "g": "bodega",
        "addr": "35 Sherman Ave",
        "score": 4.8
      }
    },
    {
      "type": "Feature",
      "geometry": {
        "type": "Point",
        "coordinates": [
          -73.8587088,
          40.8845876
        ]
      },
      "properties": {
        "name": "Caña Arriba #2 Deli Grocery",
        "cat": "Grocery store",
        "g": "bodega",
        "addr": "3868 Barnes Ave",
        "score": 4.3
      }
    },
    {
      "type": "Feature",
      "geometry": {
        "type": "Point",
        "coordinates": [
          -73.8853977,
          40.8571944
        ]
      },
      "properties": {
        "name": "Beato Deli Food",
        "cat": "Deli",
        "g": "bodega",
        "addr": "615 E 189th St",
        "score": 4.8
      }
    },
    {
      "type": "Feature",
      "geometry": {
        "type": "Point",
        "coordinates": [
          -73.891424,
          40.8575847
        ]
      },
      "properties": {
        "name": "El Sosa Grocery",
        "cat": "Grocery store",
        "g": "bodega",
        "addr": "476 E 187th St",
        "score": 4.5
      }
    },
    {
      "type": "Feature",
      "geometry": {
        "type": "Point",
        "coordinates": [
          -73.9307989,
          40.8588818
        ]
      },
      "properties": {
        "name": "Naty Food Corp",
        "cat": "Supermarket",
        "g": "bodega",
        "addr": "7 Hillside Ave",
        "score": 3.4
      }
    },
    {
      "type": "Feature",
      "geometry": {
        "type": "Point",
        "coordinates": [
          -73.8845275,
          40.8584379
        ]
      },
      "properties": {
        "name": "Quick Hero City Deli Grocery",
        "cat": "Deli",
        "g": "bodega",
        "addr": "617 E Fordham Rd #5024",
        "score": 4.5
      }
    },
    {
      "type": "Feature",
      "geometry": {
        "type": "Point",
        "coordinates": [
          -73.9222749,
          40.8647195
        ]
      },
      "properties": {
        "name": "Convenience Store",
        "cat": "Convenience store",
        "g": "bodega",
        "addr": "175 Sherman Ave",
        "score": 4.5
      }
    },
    {
      "type": "Feature",
      "geometry": {
        "type": "Point",
        "coordinates": [
          -73.8904273,
          40.8584483
        ]
      },
      "properties": {
        "name": "Paola Deli Grocery Corp.",
        "cat": "Deli",
        "g": "bodega",
        "addr": "2436 Washington Ave",
        "score": 4
      }
    },
    {
      "type": "Feature",
      "geometry": {
        "type": "Point",
        "coordinates": [
          -73.9007265,
          40.8578068
        ]
      },
      "properties": {
        "name": "131DELI Grocery Corporation",
        "cat": "Grocery store",
        "g": "bodega",
        "addr": "131 E 183rd St",
        "score": 4.2
      }
    },
    {
      "type": "Feature",
      "geometry": {
        "type": "Point",
        "coordinates": [
          -73.8837134,
          40.8677048
        ]
      },
      "properties": {
        "name": "Garden Market",
        "cat": "Grocery store",
        "g": "bodega",
        "addr": "393 Bedford Park Blvd",
        "score": 4.1
      }
    },
    {
      "type": "Feature",
      "geometry": {
        "type": "Point",
        "coordinates": [
          -73.9090787,
          40.8773812
        ]
      },
      "properties": {
        "name": "GG&J Food Center",
        "cat": "Grocery store",
        "g": "bodega",
        "addr": "151 W 228th St",
        "score": 3.9
      }
    },
    {
      "type": "Feature",
      "geometry": {
        "type": "Point",
        "coordinates": [
          -73.9194427,
          40.8661931
        ]
      },
      "properties": {
        "name": "New Generation Mini Market",
        "cat": "Grocery store",
        "g": "bodega",
        "addr": "242 Sherman Ave",
        "score": 4.8
      }
    },
    {
      "type": "Feature",
      "geometry": {
        "type": "Point",
        "coordinates": [
          -73.8590287,
          40.8778026
        ]
      },
      "properties": {
        "name": "3600 Bronxwood Food Center",
        "cat": "Grocery store",
        "g": "bodega",
        "addr": "3600 Bronxwood Ave #3602",
        "score": 4.5
      }
    },
    {
      "type": "Feature",
      "geometry": {
        "type": "Point",
        "coordinates": [
          -73.8683539,
          40.8586204
        ]
      },
      "properties": {
        "name": "2220 One Way Deli-Grocery",
        "cat": "Deli",
        "g": "bodega",
        "addr": "690 Thwaites Pl",
        "score": 4.3
      }
    },
    {
      "type": "Feature",
      "geometry": {
        "type": "Point",
        "coordinates": [
          -73.90033,
          40.856144
        ]
      },
      "properties": {
        "name": "D'bodega Food Corp",
        "cat": "Wholesaler",
        "g": "warehouse",
        "addr": "2236 Grand Concourse",
        "score": null
      }
    },
    {
      "type": "Feature",
      "geometry": {
        "type": "Point",
        "coordinates": [
          -73.899554,
          40.8846568
        ]
      },
      "properties": {
        "name": "Vargas Grocery's",
        "cat": "Grocery store",
        "g": "bodega",
        "addr": "210 W 238th St",
        "score": 4.9
      }
    },
    {
      "type": "Feature",
      "geometry": {
        "type": "Point",
        "coordinates": [
          -73.9380289,
          40.8551643
        ]
      },
      "properties": {
        "name": "Fort Tryon Grill",
        "cat": "Deli",
        "g": "bodega",
        "addr": "210 Pinehurst Ave",
        "score": 4.3
      }
    },
    {
      "type": "Feature",
      "geometry": {
        "type": "Point",
        "coordinates": [
          -74.1922744,
          40.532565
        ]
      },
      "properties": {
        "name": "Fiesta Deli & Market",
        "cat": "Deli",
        "g": "bodega",
        "addr": "896 Huguenot Ave",
        "score": 3.4
      }
    },
    {
      "type": "Feature",
      "geometry": {
        "type": "Point",
        "coordinates": [
          -73.8857247,
          40.8672418
        ]
      },
      "properties": {
        "name": "Mariandy Deli Grocery",
        "cat": "Deli",
        "g": "bodega",
        "addr": "2833 Decatur Ave",
        "score": 2.6
      }
    },
    {
      "type": "Feature",
      "geometry": {
        "type": "Point",
        "coordinates": [
          -73.8584742,
          40.8632081
        ]
      },
      "properties": {
        "name": "Ulerio Grocery",
        "cat": "Grocery store",
        "g": "bodega",
        "addr": "1001 Mace Ave",
        "score": 4.5
      }
    },
    {
      "type": "Feature",
      "geometry": {
        "type": "Point",
        "coordinates": [
          -73.9067915,
          40.8592557
        ]
      },
      "properties": {
        "name": "RK & Mark Grocery",
        "cat": "Grocery store",
        "g": "bodega",
        "addr": "",
        "score": 4.8
      }
    },
    {
      "type": "Feature",
      "geometry": {
        "type": "Point",
        "coordinates": [
          -73.8893649,
          40.8727688
        ]
      },
      "properties": {
        "name": "Fer’s Grill Deli",
        "cat": "Deli",
        "g": "bodega",
        "addr": "2962 Jerome Ave",
        "score": 3.6
      }
    },
    {
      "type": "Feature",
      "geometry": {
        "type": "Point",
        "coordinates": [
          -73.8673307,
          40.8730452
        ]
      },
      "properties": {
        "name": "RoseWood Market",
        "cat": "Grocery store",
        "g": "bodega",
        "addr": "3263 White Plains Rd",
        "score": 3.5
      }
    },
    {
      "type": "Feature",
      "geometry": {
        "type": "Point",
        "coordinates": [
          -73.9175933,
          40.8686093
        ]
      },
      "properties": {
        "name": "85 Deli Mini Market",
        "cat": "Deli",
        "g": "bodega",
        "addr": "5008 Broadway",
        "score": 4.1
      }
    },
    {
      "type": "Feature",
      "geometry": {
        "type": "Point",
        "coordinates": [
          -73.9087279,
          40.8625952
        ]
      },
      "properties": {
        "name": "Yankee Food Deli Inc.",
        "cat": "Grocery store",
        "g": "bodega",
        "addr": "176 W Fordham Rd",
        "score": 4.2
      }
    },
    {
      "type": "Feature",
      "geometry": {
        "type": "Point",
        "coordinates": [
          -73.9284197,
          40.8562239
        ]
      },
      "properties": {
        "name": "Camilo Grocery",
        "cat": "Grocery store",
        "g": "bodega",
        "addr": "1640 St Nicholas Ave",
        "score": 3.8
      }
    },
    {
      "type": "Feature",
      "geometry": {
        "type": "Point",
        "coordinates": [
          -73.8925534,
          40.8556748
        ]
      },
      "properties": {
        "name": "Brianelly Deli Corp.",
        "cat": "Deli",
        "g": "bodega",
        "addr": "480 E 184th St",
        "score": 4.9
      }
    },
    {
      "type": "Feature",
      "geometry": {
        "type": "Point",
        "coordinates": [
          -73.8944448,
          40.8626962
        ]
      },
      "properties": {
        "name": "Mi vieja Deli",
        "cat": "Deli",
        "g": "bodega",
        "addr": "314 E Kingsbridge Rd",
        "score": 5
      }
    },
    {
      "type": "Feature",
      "geometry": {
        "type": "Point",
        "coordinates": [
          -73.8591754,
          40.8898092
        ]
      },
      "properties": {
        "name": "Ray Deli Food",
        "cat": "Deli",
        "g": "bodega",
        "addr": "706 E 228th St",
        "score": 3.8
      }
    },
    {
      "type": "Feature",
      "geometry": {
        "type": "Point",
        "coordinates": [
          -73.9275464,
          40.8660818
        ]
      },
      "properties": {
        "name": "Chop Cheese Deli",
        "cat": "Deli",
        "g": "bodega",
        "addr": "229 Dyckman St",
        "score": 3.9
      }
    },
    {
      "type": "Feature",
      "geometry": {
        "type": "Point",
        "coordinates": [
          -73.8880459,
          40.8548085
        ]
      },
      "properties": {
        "name": "Teitel Brothers",
        "cat": "Wholesaler",
        "g": "warehouse",
        "addr": "2372 Arthur Ave",
        "score": 4.7
      }
    },
    {
      "type": "Feature",
      "geometry": {
        "type": "Point",
        "coordinates": [
          -73.8876428,
          40.8744672
        ]
      },
      "properties": {
        "name": "Nyc.exoticsnax",
        "cat": "Beverage distributor",
        "g": "warehouse",
        "addr": "3102 Villa Ave",
        "score": 3.9
      }
    },
    {
      "type": "Feature",
      "geometry": {
        "type": "Point",
        "coordinates": [
          -73.8933242,
          40.8096492
        ]
      },
      "properties": {
        "name": "Victory Foodservice",
        "cat": "Food products supplier",
        "g": "warehouse",
        "addr": "515 Truxton St",
        "score": 4.4
      }
    },
    {
      "type": "Feature",
      "geometry": {
        "type": "Point",
        "coordinates": [
          -73.9002067,
          40.8404906
        ]
      },
      "properties": {
        "name": "Big Apple Distributors",
        "cat": "Food products supplier",
        "g": "warehouse",
        "addr": "1628 Bathgate Ave",
        "score": 5
      }
    },
    {
      "type": "Feature",
      "geometry": {
        "type": "Point",
        "coordinates": [
          -73.8597875,
          40.8673047
        ]
      },
      "properties": {
        "name": "Mega Meats",
        "cat": "Meat wholesaler",
        "g": "warehouse",
        "addr": "2824 Boston Rd",
        "score": 4.3
      }
    },
    {
      "type": "Feature",
      "geometry": {
        "type": "Point",
        "coordinates": [
          -73.8848683,
          40.8182215
        ]
      },
      "properties": {
        "name": "Prime Line Distributors Inc. | New York",
        "cat": "Food products supplier",
        "g": "warehouse",
        "addr": "833 Whittier St",
        "score": 4.3
      }
    },
    {
      "type": "Feature",
      "geometry": {
        "type": "Point",
        "coordinates": [
          -73.898688,
          40.8431913
        ]
      },
      "properties": {
        "name": "Krinos Foods LLC",
        "cat": "Food products supplier",
        "g": "warehouse",
        "addr": "1750 Bathgate Ave",
        "score": 4
      }
    },
    {
      "type": "Feature",
      "geometry": {
        "type": "Point",
        "coordinates": [
          -73.9171424,
          40.8633614
        ]
      },
      "properties": {
        "name": "Flair Beverages Corp.",
        "cat": "Beer distributor",
        "g": "warehouse",
        "addr": "3857 9th Ave",
        "score": 4.4
      }
    },
    {
      "type": "Feature",
      "geometry": {
        "type": "Point",
        "coordinates": [
          -73.902154,
          40.8626013
        ]
      },
      "properties": {
        "name": "B & M Deli",
        "cat": "Deli",
        "g": "bodega",
        "addr": "16 W Fordham Rd",
        "score": 3
      }
    },
    {
      "type": "Feature",
      "geometry": {
        "type": "Point",
        "coordinates": [
          -73.8864572,
          40.8711748
        ]
      },
      "properties": {
        "name": "241 Grocery Inc.",
        "cat": "Grocery store",
        "g": "bodega",
        "addr": "241 Bedford Park Blvd",
        "score": 4.7
      }
    },
    {
      "type": "Feature",
      "geometry": {
        "type": "Point",
        "coordinates": [
          -73.8735644,
          40.8790306
        ]
      },
      "properties": {
        "name": "Guerrero Family Deli Grocery Corporation",
        "cat": "Deli",
        "g": "bodega",
        "addr": "323 E Gun Hill Rd",
        "score": 3.9
      }
    },
    {
      "type": "Feature",
      "geometry": {
        "type": "Point",
        "coordinates": [
          -73.8851559,
          40.8738492
        ]
      },
      "properties": {
        "name": "El Principe Grocery Store",
        "cat": "Grocery store",
        "g": "bodega",
        "addr": "237 E 203rd St",
        "score": 4.6
      }
    },
    {
      "type": "Feature",
      "geometry": {
        "type": "Point",
        "coordinates": [
          -73.911556,
          40.8615762
        ]
      },
      "properties": {
        "name": "YANKEE ONE DELI",
        "cat": "Deli",
        "g": "bodega",
        "addr": "278 W Fordham Rd",
        "score": 3.8
      }
    },
    {
      "type": "Feature",
      "geometry": {
        "type": "Point",
        "coordinates": [
          -73.8643994,
          40.8803501
        ]
      },
      "properties": {
        "name": "Friendship Gormet Deli",
        "cat": "Deli",
        "g": "bodega",
        "addr": "3650 White Plains Rd",
        "score": 4.3
      }
    },
    {
      "type": "Feature",
      "geometry": {
        "type": "Point",
        "coordinates": [
          -73.8683581,
          40.8754152
        ]
      },
      "properties": {
        "name": "Olinville Deli",
        "cat": "Deli",
        "g": "bodega",
        "addr": "3401 Olinville Ave",
        "score": 4
      }
    },
    {
      "type": "Feature",
      "geometry": {
        "type": "Point",
        "coordinates": [
          -73.9006414,
          40.8685307
        ]
      },
      "properties": {
        "name": "Ahki Grocery and Candy Corp.",
        "cat": "Convenience store",
        "g": "bodega",
        "addr": "2690 University Ave #2B",
        "score": 4.5
      }
    },
    {
      "type": "Feature",
      "geometry": {
        "type": "Point",
        "coordinates": [
          -73.9290689,
          40.8560547
        ]
      },
      "properties": {
        "name": "St Nich 1633 Food Center",
        "cat": "Grocery store",
        "g": "bodega",
        "addr": "1633 St Nicholas Ave",
        "score": 4.4
      }
    },
    {
      "type": "Feature",
      "geometry": {
        "type": "Point",
        "coordinates": [
          -73.846931,
          40.901897
        ]
      },
      "properties": {
        "name": "Ahmed Deli Discount",
        "cat": "Deli",
        "g": "bodega",
        "addr": "857 E 241st St",
        "score": 5
      }
    },
    {
      "type": "Feature",
      "geometry": {
        "type": "Point",
        "coordinates": [
          -73.8978483,
          40.8834526
        ]
      },
      "properties": {
        "name": "Acapella 238 pizzeria",
        "cat": "Pizza restaurant",
        "g": "pizza",
        "addr": "124 W 238th St",
        "score": 4
      }
    },
    {
      "type": "Feature",
      "geometry": {
        "type": "Point",
        "coordinates": [
          -73.9245163,
          40.8651925
        ]
      },
      "properties": {
        "name": "LA BODEGA INC.",
        "cat": "Grocery store",
        "g": "bodega",
        "addr": "51 Vermilyea Ave",
        "score": 2.5
      }
    },
    {
      "type": "Feature",
      "geometry": {
        "type": "Point",
        "coordinates": [
          -73.8852131,
          40.8754714
        ]
      },
      "properties": {
        "name": "Green Mountain Gourmet Deli",
        "cat": "Deli",
        "g": "bodega",
        "addr": "169 E 205th St",
        "score": 4.3
      }
    },
    {
      "type": "Feature",
      "geometry": {
        "type": "Point",
        "coordinates": [
          -73.8405417,
          40.8677268
        ]
      },
      "properties": {
        "name": "Gun Hill Beer Distributors",
        "cat": "Beer distributor",
        "g": "warehouse",
        "addr": "2850 Mickle Ave, BETWEEN GUN HILL ROAD & ARNOW AVENUE, ACROSS FROM THE POST OFFICE",
        "score": 4.3
      }
    },
    {
      "type": "Feature",
      "geometry": {
        "type": "Point",
        "coordinates": [
          -73.8395516,
          40.8689566
        ]
      },
      "properties": {
        "name": "Pat's Exotic Beverages",
        "cat": "Beverage distributor",
        "g": "warehouse",
        "addr": "2919 Tiemann Ave Suite 1",
        "score": 5
      }
    },
    {
      "type": "Feature",
      "geometry": {
        "type": "Point",
        "coordinates": [
          -73.8529986,
          40.8778064
        ]
      },
      "properties": {
        "name": "Cespedes-Enilson Grocery",
        "cat": "Grocery store",
        "g": "bodega",
        "addr": "1106 E 216th St",
        "score": 3.6
      }
    },
    {
      "type": "Feature",
      "geometry": {
        "type": "Point",
        "coordinates": [
          -73.9163497,
          40.8628988
        ]
      },
      "properties": {
        "name": "Mabi Taino",
        "cat": "Beverage distributor",
        "g": "warehouse",
        "addr": "3859 9th Ave",
        "score": null
      }
    },
    {
      "type": "Feature",
      "geometry": {
        "type": "Point",
        "coordinates": [
          -73.9196494,
          40.8673686
        ]
      },
      "properties": {
        "name": "Milov Coquito",
        "cat": "Beverage distributor",
        "g": "warehouse",
        "addr": "560 Isham St",
        "score": 5
      }
    },
    {
      "type": "Feature",
      "geometry": {
        "type": "Point",
        "coordinates": [
          -73.8679027,
          40.8557178
        ]
      },
      "properties": {
        "name": "Good N' Natural Organic Market",
        "cat": "Grocery store",
        "g": "bodega",
        "addr": "2173 White Plains Rd",
        "score": 4.2
      }
    },
    {
      "type": "Feature",
      "geometry": {
        "type": "Point",
        "coordinates": [
          -73.9455159,
          40.5997828
        ]
      },
      "properties": {
        "name": "B & T Food Distribution",
        "cat": "Grocery store",
        "g": "bodega",
        "addr": "2602 Avenue U",
        "score": 4.7
      }
    },
    {
      "type": "Feature",
      "geometry": {
        "type": "Point",
        "coordinates": [
          -73.9295756,
          40.6476734
        ]
      },
      "properties": {
        "name": "Chef's Choice BROOKLYN",
        "cat": "Wholesale grocer",
        "g": "warehouse",
        "addr": "1039 Utica Ave",
        "score": 4.5
      }
    },
    {
      "type": "Feature",
      "geometry": {
        "type": "Point",
        "coordinates": [
          -73.912557,
          40.649177
        ]
      },
      "properties": {
        "name": "Sunset International Foods",
        "cat": "Wholesaler",
        "g": "warehouse",
        "addr": "766 E 93rd St",
        "score": 4.3
      }
    },
    {
      "type": "Feature",
      "geometry": {
        "type": "Point",
        "coordinates": [
          -73.9158268,
          40.6469511
        ]
      },
      "properties": {
        "name": "A to Z Distributor Inc.",
        "cat": "Wholesale grocer",
        "g": "warehouse",
        "addr": "301 E 88th St",
        "score": 3.7
      }
    },
    {
      "type": "Feature",
      "geometry": {
        "type": "Point",
        "coordinates": [
          -73.9296721,
          40.6472227
        ]
      },
      "properties": {
        "name": "Chef's Choice Cash & Carry Food",
        "cat": "Food products supplier",
        "g": "warehouse",
        "addr": "1051 Utica Ave",
        "score": 4.6
      }
    },
    {
      "type": "Feature",
      "geometry": {
        "type": "Point",
        "coordinates": [
          -73.852556,
          40.8631699
        ]
      },
      "properties": {
        "name": "Herman Services Inc",
        "cat": "Convenience store",
        "g": "bodega",
        "addr": "1207 Mace Ave",
        "score": 5
      }
    },
    {
      "type": "Feature",
      "geometry": {
        "type": "Point",
        "coordinates": [
          -73.8940825,
          40.8639317
        ]
      },
      "properties": {
        "name": "Fordham Convenience Store",
        "cat": "Convenience store",
        "g": "bodega",
        "addr": "271 E Kingsbridge Rd",
        "score": 3
      }
    },
    {
      "type": "Feature",
      "geometry": {
        "type": "Point",
        "coordinates": [
          -74.0139459,
          40.6540277
        ]
      },
      "properties": {
        "name": "The Sahadi Group",
        "cat": "Wholesaler",
        "g": "warehouse",
        "addr": "4215 1st Ave",
        "score": 4.3
      }
    },
    {
      "type": "Feature",
      "geometry": {
        "type": "Point",
        "coordinates": [
          -74.0239642,
          40.6479544
        ]
      },
      "properties": {
        "name": "King Solomon Foods",
        "cat": "Wholesaler",
        "g": "warehouse",
        "addr": "5600 1st Ave # 2",
        "score": 3.9
      }
    },
    {
      "type": "Feature",
      "geometry": {
        "type": "Point",
        "coordinates": [
          -73.8758137,
          40.8796144
        ]
      },
      "properties": {
        "name": "Bug-Away Exterminating",
        "cat": "Pest control service",
        "g": "exterminator",
        "addr": "258 E Gun Hill Rd",
        "score": 4.4
      }
    },
    {
      "type": "Feature",
      "geometry": {
        "type": "Point",
        "coordinates": [
          -73.8551511,
          40.8950552
        ]
      },
      "properties": {
        "name": "DC Cleanex Pest Control",
        "cat": "Pest control service",
        "g": "exterminator",
        "addr": "730 E 236th St",
        "score": 5
      }
    },
    {
      "type": "Feature",
      "geometry": {
        "type": "Point",
        "coordinates": [
          -73.885463,
          40.8463074
        ]
      },
      "properties": {
        "name": "Bronx Exterminator At Last Pest Control",
        "cat": "Pest control service",
        "g": "exterminator",
        "addr": "802 E 180th St",
        "score": 4.9
      }
    },
    {
      "type": "Feature",
      "geometry": {
        "type": "Point",
        "coordinates": [
          -73.83784,
          40.8790186
        ]
      },
      "properties": {
        "name": "Five Boroughs Pest Control",
        "cat": "Pest control service",
        "g": "exterminator",
        "addr": "3363 Baychester Ave",
        "score": 3.8
      }
    },
    {
      "type": "Feature",
      "geometry": {
        "type": "Point",
        "coordinates": [
          -73.8411367,
          40.8796742
        ]
      },
      "properties": {
        "name": "Rye Pest Solutions",
        "cat": "Pest control service",
        "g": "exterminator",
        "addr": "3463 Ely Ave",
        "score": 5
      }
    },
    {
      "type": "Feature",
      "geometry": {
        "type": "Point",
        "coordinates": [
          -73.8549777,
          40.8955619
        ]
      },
      "properties": {
        "name": "Golden Touch Pest Services Inc",
        "cat": "Pest control service",
        "g": "exterminator",
        "addr": "4304 Furman Ave",
        "score": 5
      }
    },
    {
      "type": "Feature",
      "geometry": {
        "type": "Point",
        "coordinates": [
          -73.8595877,
          40.8889562
        ]
      },
      "properties": {
        "name": "Sani Tech Pest Inc",
        "cat": "Pest control service",
        "g": "exterminator",
        "addr": "4020 a Old White Plains Rd",
        "score": 4.8
      }
    },
    {
      "type": "Feature",
      "geometry": {
        "type": "Point",
        "coordinates": [
          -73.9074519,
          40.8786299
        ]
      },
      "properties": {
        "name": "Select Exterminating",
        "cat": "Pest control service",
        "g": "exterminator",
        "addr": "3000 Kingsbridge Ave",
        "score": 3
      }
    },
    {
      "type": "Feature",
      "geometry": {
        "type": "Point",
        "coordinates": [
          -73.9103637,
          40.8759114
        ]
      },
      "properties": {
        "name": "Castro Exterminating",
        "cat": "Pest control service",
        "g": "exterminator",
        "addr": "34 Fort Charles Pl",
        "score": 3
      }
    },
    {
      "type": "Feature",
      "geometry": {
        "type": "Point",
        "coordinates": [
          -73.840934,
          40.85166
        ]
      },
      "properties": {
        "name": "KelzCola85",
        "cat": "Beverage distributor",
        "g": "warehouse",
        "addr": "",
        "score": null
      }
    },
    {
      "type": "Feature",
      "geometry": {
        "type": "Point",
        "coordinates": [
          -74.0137899,
          40.6495188
        ]
      },
      "properties": {
        "name": "Royal Sweets Distribution",
        "cat": "Wholesaler",
        "g": "warehouse",
        "addr": "266 47th St",
        "score": 3.7
      }
    },
    {
      "type": "Feature",
      "geometry": {
        "type": "Point",
        "coordinates": [
          -74.0234941,
          40.6484193
        ]
      },
      "properties": {
        "name": "Alex's Meat Distributors",
        "cat": "Meat wholesaler",
        "g": "warehouse",
        "addr": "5600 1st Ave",
        "score": 4.5
      }
    },
    {
      "type": "Feature",
      "geometry": {
        "type": "Point",
        "coordinates": [
          -74.0124069,
          40.6539073
        ]
      },
      "properties": {
        "name": "Great One Inc. (Vegan/Vegetarian Distributor 🥬🌶🥦🥕🫑)",
        "cat": "Wholesale grocer",
        "g": "warehouse",
        "addr": "4120 2nd Ave",
        "score": 5
      }
    },
    {
      "type": "Feature",
      "geometry": {
        "type": "Point",
        "coordinates": [
          -74.0006016,
          40.691798
        ]
      },
      "properties": {
        "name": "Manhattan Beer Brooklyn Warehouse",
        "cat": "Beverage distributor",
        "g": "warehouse",
        "addr": "2 Atlantic Ave Pier 7",
        "score": 4.1
      }
    },
    {
      "type": "Feature",
      "geometry": {
        "type": "Point",
        "coordinates": [
          -74.0220877,
          40.6479655
        ]
      },
      "properties": {
        "name": "Springfield Group Inc.",
        "cat": "Meat wholesaler",
        "g": "warehouse",
        "addr": "5600 1st Ave A1",
        "score": 4.4
      }
    },
    {
      "type": "Feature",
      "geometry": {
        "type": "Point",
        "coordinates": [
          -74.2349901,
          40.5292056
        ]
      },
      "properties": {
        "name": "ShopRite of Veterans Rd",
        "cat": "Grocery store",
        "g": "bodega",
        "addr": "3010 Veterans Rd W",
        "score": 4.2
      }
    },
    {
      "type": "Feature",
      "geometry": {
        "type": "Point",
        "coordinates": [
          -73.7837062,
          40.5924266
        ]
      },
      "properties": {
        "name": "Fannie Grocery & Deli",
        "cat": "Grocery store",
        "g": "bodega",
        "addr": "53-07 Rockaway Beach Blvd",
        "score": 4.4
      }
    },
    {
      "type": "Feature",
      "geometry": {
        "type": "Point",
        "coordinates": [
          -73.7750634,
          40.595896
        ]
      },
      "properties": {
        "name": "Healthy Bites Market",
        "cat": "Deli",
        "g": "bodega",
        "addr": "43-00 Beach Channel Dr",
        "score": 4.6
      }
    },
    {
      "type": "Feature",
      "geometry": {
        "type": "Point",
        "coordinates": [
          -73.8978211,
          40.6369149
        ]
      },
      "properties": {
        "name": "Country Butcher",
        "cat": "Grocery store",
        "g": "bodega",
        "addr": "9312 Avenue L",
        "score": 4.5
      }
    },
    {
      "type": "Feature",
      "geometry": {
        "type": "Point",
        "coordinates": [
          -73.9047502,
          40.6438438
        ]
      },
      "properties": {
        "name": "Glenwood Grocery Store Inc",
        "cat": "Grocery store",
        "g": "bodega",
        "addr": "9401 Glenwood Rd",
        "score": 4.2
      }
    },
    {
      "type": "Feature",
      "geometry": {
        "type": "Point",
        "coordinates": [
          -73.8346441,
          40.5806979
        ]
      },
      "properties": {
        "name": "A & D",
        "cat": "Grocery store",
        "g": "bodega",
        "addr": "112-32 Rockaway Beach Blvd",
        "score": 4
      }
    },
    {
      "type": "Feature",
      "geometry": {
        "type": "Point",
        "coordinates": [
          -73.837052,
          40.5799835
        ]
      },
      "properties": {
        "name": "Pickles & Pies Food Market & Deli",
        "cat": "Deli",
        "g": "bodega",
        "addr": "2-02 Beach 116th St",
        "score": 4.2
      }
    },
    {
      "type": "Feature",
      "geometry": {
        "type": "Point",
        "coordinates": [
          -73.9304022,
          40.6540147
        ]
      },
      "properties": {
        "name": "Brooklyn 19 Grocery Store",
        "cat": "Grocery store",
        "g": "bodega",
        "addr": "793 Utica Ave",
        "score": 4.1
      }
    },
    {
      "type": "Feature",
      "geometry": {
        "type": "Point",
        "coordinates": [
          -73.9113134,
          40.6796103
        ]
      },
      "properties": {
        "name": "Mr Mangos Bodega",
        "cat": "Deli",
        "g": "bodega",
        "addr": "112 Rockaway Ave",
        "score": 4.2
      }
    },
    {
      "type": "Feature",
      "geometry": {
        "type": "Point",
        "coordinates": [
          -73.9059084,
          40.6918446
        ]
      },
      "properties": {
        "name": "Bodega",
        "cat": "Grocery store",
        "g": "bodega",
        "addr": "847 Knickerbocker Ave",
        "score": 2.3
      }
    },
    {
      "type": "Feature",
      "geometry": {
        "type": "Point",
        "coordinates": [
          -73.99984,
          40.6715161
        ]
      },
      "properties": {
        "name": "Tamani Food",
        "cat": "Wholesaler",
        "g": "warehouse",
        "addr": "572 Smith St",
        "score": 5
      }
    },
    {
      "type": "Feature",
      "geometry": {
        "type": "Point",
        "coordinates": [
          -74.022921,
          40.650241
        ]
      },
      "properties": {
        "name": "UTZ Quality Foods Inc",
        "cat": "Food products supplier",
        "g": "warehouse",
        "addr": "29 53rd St",
        "score": 3.8
      }
    },
    {
      "type": "Feature",
      "geometry": {
        "type": "Point",
        "coordinates": [
          -74.0155717,
          40.6494609
        ]
      },
      "properties": {
        "name": "Brooklyn Seafood Company",
        "cat": "Seafood wholesaler",
        "g": "warehouse",
        "addr": "227 49th St",
        "score": 4
      }
    },
    {
      "type": "Feature",
      "geometry": {
        "type": "Point",
        "coordinates": [
          -74.0123142,
          40.6538362
        ]
      },
      "properties": {
        "name": "Healthy Vege",
        "cat": "Wholesale grocer",
        "g": "warehouse",
        "addr": "4120 2nd Ave",
        "score": 4.8
      }
    },
    {
      "type": "Feature",
      "geometry": {
        "type": "Point",
        "coordinates": [
          -74.0228641,
          40.6474056
        ]
      },
      "properties": {
        "name": "Kings Action Group Corporation",
        "cat": "Beverage distributor",
        "g": "warehouse",
        "addr": "5600 1st Ave",
        "score": 3.3
      }
    },
    {
      "type": "Feature",
      "geometry": {
        "type": "Point",
        "coordinates": [
          -74.0031856,
          40.7444386
        ]
      },
      "properties": {
        "name": "F Rozzo & Sons",
        "cat": "Seafood wholesaler",
        "g": "warehouse",
        "addr": "159 9th Ave",
        "score": 4.8
      }
    },
    {
      "type": "Feature",
      "geometry": {
        "type": "Point",
        "coordinates": [
          -73.7550484,
          40.6023783
        ]
      },
      "properties": {
        "name": "Kelvin Grocery & Deli",
        "cat": "Grocery store",
        "g": "bodega",
        "addr": "21-24 Cornaga Ave",
        "score": 4.4
      }
    },
    {
      "type": "Feature",
      "geometry": {
        "type": "Point",
        "coordinates": [
          -73.8491865,
          40.5783859
        ]
      },
      "properties": {
        "name": "Bon Appetit",
        "cat": "Deli",
        "g": "bodega",
        "addr": "4-18 Beach 129th St",
        "score": 4.4
      }
    },
    {
      "type": "Feature",
      "geometry": {
        "type": "Point",
        "coordinates": [
          -73.7525369,
          40.594703
        ]
      },
      "properties": {
        "name": "Seagirt Deli & Grill",
        "cat": "Deli",
        "g": "bodega",
        "addr": "17-39 Seagirt Blvd",
        "score": 4.5
      }
    },
    {
      "type": "Feature",
      "geometry": {
        "type": "Point",
        "coordinates": [
          -73.7482653,
          40.5978685
        ]
      },
      "properties": {
        "name": "MB DELI",
        "cat": "Deli",
        "g": "bodega",
        "addr": "2-91 Beach 14th St",
        "score": 4.2
      }
    },
    {
      "type": "Feature",
      "geometry": {
        "type": "Point",
        "coordinates": [
          -73.7538597,
          40.6008293
        ]
      },
      "properties": {
        "name": "Rohan Deli",
        "cat": "Deli",
        "g": "bodega",
        "addr": "6-01 Beach 20th St",
        "score": 4.3
      }
    },
    {
      "type": "Feature",
      "geometry": {
        "type": "Point",
        "coordinates": [
          -73.9284597,
          40.6307868
        ]
      },
      "properties": {
        "name": "Tu Bohio Grocery Corporation",
        "cat": "Grocery store",
        "g": "bodega",
        "addr": "Utica Ave",
        "score": 4.3
      }
    },
    {
      "type": "Feature",
      "geometry": {
        "type": "Point",
        "coordinates": [
          -73.9433528,
          40.6071717
        ]
      },
      "properties": {
        "name": "Mini Mart Corp.",
        "cat": "Convenience store",
        "g": "bodega",
        "addr": "2924 Avenue R",
        "score": 4.2
      }
    },
    {
      "type": "Feature",
      "geometry": {
        "type": "Point",
        "coordinates": [
          -73.7546189,
          40.6061533
        ]
      },
      "properties": {
        "name": "Amanah Deli & Grocery",
        "cat": "Deli",
        "g": "bodega",
        "addr": "13-36 Beach Channel Dr",
        "score": 4.2
      }
    },
    {
      "type": "Feature",
      "geometry": {
        "type": "Point",
        "coordinates": [
          -73.947875,
          40.631739
        ]
      },
      "properties": {
        "name": "Nostrand Express Deli",
        "cat": "Deli",
        "g": "bodega",
        "addr": "2184 Nostrand Ave",
        "score": 4.2
      }
    },
    {
      "type": "Feature",
      "geometry": {
        "type": "Point",
        "coordinates": [
          -73.7557745,
          40.6055399
        ]
      },
      "properties": {
        "name": "Polo Supermarket",
        "cat": "Grocery store",
        "g": "bodega",
        "addr": "22-18 Mott Ave",
        "score": 4.1
      }
    },
    {
      "type": "Feature",
      "geometry": {
        "type": "Point",
        "coordinates": [
          -73.936239,
          40.6223359
        ]
      },
      "properties": {
        "name": "Flatbush Flaming Grill",
        "cat": "Convenience store",
        "g": "bodega",
        "addr": "1953 Flatbush Ave",
        "score": 3.8
      }
    },
    {
      "type": "Feature",
      "geometry": {
        "type": "Point",
        "coordinates": [
          -73.9334448,
          40.6276255
        ]
      },
      "properties": {
        "name": "Miranda Deli Food Corp.",
        "cat": "Deli",
        "g": "bodega",
        "addr": "4402 Avenue J",
        "score": 4.4
      }
    },
    {
      "type": "Feature",
      "geometry": {
        "type": "Point",
        "coordinates": [
          -73.9547898,
          40.6182494
        ]
      },
      "properties": {
        "name": "Ocean’s Finest Deli Grill",
        "cat": "Deli",
        "g": "bodega",
        "addr": "1789 Ocean Ave",
        "score": 4.9
      }
    },
    {
      "type": "Feature",
      "geometry": {
        "type": "Point",
        "coordinates": [
          -73.9480864,
          40.6387775
        ]
      },
      "properties": {
        "name": "Lucky 7 Deli & Grill",
        "cat": "Deli",
        "g": "bodega",
        "addr": "1925 Nostrand Ave",
        "score": 4.2
      }
    },
    {
      "type": "Feature",
      "geometry": {
        "type": "Point",
        "coordinates": [
          -73.9328283,
          40.5843166
        ]
      },
      "properties": {
        "name": "Idress Deli On The Bay",
        "cat": "Deli",
        "g": "bodega",
        "addr": "3191 Emmons Ave",
        "score": 4.2
      }
    },
    {
      "type": "Feature",
      "geometry": {
        "type": "Point",
        "coordinates": [
          -73.8983769,
          40.636942
        ]
      },
      "properties": {
        "name": "Colony Pest Management, Inc",
        "cat": "Pest control service",
        "g": "exterminator",
        "addr": "9301 Avenue L",
        "score": 4.9
      }
    },
    {
      "type": "Feature",
      "geometry": {
        "type": "Point",
        "coordinates": [
          -73.898377,
          40.636942
        ]
      },
      "properties": {
        "name": "Synergy Scents Bed Bug Detetction",
        "cat": "Pest control service",
        "g": "exterminator",
        "addr": "9301 Avenue L",
        "score": 5
      }
    },
    {
      "type": "Feature",
      "geometry": {
        "type": "Point",
        "coordinates": [
          -73.893271,
          40.636135
        ]
      },
      "properties": {
        "name": "Exterminator Canarsie",
        "cat": "Pest control service",
        "g": "exterminator",
        "addr": "1513 E 96th St",
        "score": 4.4
      }
    },
    {
      "type": "Feature",
      "geometry": {
        "type": "Point",
        "coordinates": [
          -73.8406703,
          40.5802051
        ]
      },
      "properties": {
        "name": "Pest Patrol Exterminating Co.",
        "cat": "Pest control service",
        "g": "exterminator",
        "addr": "2-49 Beach 119th St",
        "score": 5
      }
    },
    {
      "type": "Feature",
      "geometry": {
        "type": "Point",
        "coordinates": [
          -73.7629816,
          40.6049335
        ]
      },
      "properties": {
        "name": "Chuck's Pest Control Inc.",
        "cat": "Pest control service",
        "g": "exterminator",
        "addr": "31-35 Healy Ave",
        "score": 5
      }
    },
    {
      "type": "Feature",
      "geometry": {
        "type": "Point",
        "coordinates": [
          -73.7562437,
          40.5962759
        ]
      },
      "properties": {
        "name": "Reclaim Pest Control",
        "cat": "Pest control service",
        "g": "exterminator",
        "addr": "20-10 Seagirt Blvd",
        "score": 5
      }
    },
    {
      "type": "Feature",
      "geometry": {
        "type": "Point",
        "coordinates": [
          -73.9125822,
          40.6322235
        ]
      },
      "properties": {
        "name": "Quick Solution J. Exterminating",
        "cat": "Pest control service",
        "g": "exterminator",
        "addr": "14 Paerdegat Ave N",
        "score": 4.7
      }
    },
    {
      "type": "Feature",
      "geometry": {
        "type": "Point",
        "coordinates": [
          -73.9296674,
          40.6157849
        ]
      },
      "properties": {
        "name": "Kingsway Exterminating",
        "cat": "Pest control service",
        "g": "exterminator",
        "addr": "2216 Flatbush Ave",
        "score": 4.3
      }
    },
    {
      "type": "Feature",
      "geometry": {
        "type": "Point",
        "coordinates": [
          -73.7550461,
          40.6018273
        ]
      },
      "properties": {
        "name": "Winners pest control",
        "cat": "Pest control service",
        "g": "exterminator",
        "addr": "6-32 Beach 22nd St",
        "score": 5
      }
    },
    {
      "type": "Feature",
      "geometry": {
        "type": "Point",
        "coordinates": [
          -73.9276351,
          40.624199
        ]
      },
      "properties": {
        "name": "National Pest Supplies",
        "cat": "Pest control service",
        "g": "exterminator",
        "addr": "1950 Utica Ave",
        "score": 4.6
      }
    },
    {
      "type": "Feature",
      "geometry": {
        "type": "Point",
        "coordinates": [
          -73.734525,
          40.6640538
        ]
      },
      "properties": {
        "name": "Inter-County Exterminators, Inc.",
        "cat": "Pest control service",
        "g": "exterminator",
        "addr": "246-10 Francis Lewis Blvd",
        "score": 4.7
      }
    },
    {
      "type": "Feature",
      "geometry": {
        "type": "Point",
        "coordinates": [
          -73.8364592,
          40.5820283
        ]
      },
      "properties": {
        "name": "Uptown Pest Control",
        "cat": "Pest control service",
        "g": "exterminator",
        "addr": "113-25 Beach Channel Dr",
        "score": 5
      }
    },
    {
      "type": "Feature",
      "geometry": {
        "type": "Point",
        "coordinates": [
          -73.955199,
          40.639548
        ]
      },
      "properties": {
        "name": "One Hour Pest Control",
        "cat": "Pest control service",
        "g": "exterminator",
        "addr": "2325 Newkirk Ave",
        "score": 4.6
      }
    },
    {
      "type": "Feature",
      "geometry": {
        "type": "Point",
        "coordinates": [
          -73.8647204,
          40.5716199
        ]
      },
      "properties": {
        "name": "Uptown Pest Control",
        "cat": "Pest control service",
        "g": "exterminator",
        "addr": "3-33 Beach 148th St",
        "score": 5
      }
    },
    {
      "type": "Feature",
      "geometry": {
        "type": "Point",
        "coordinates": [
          -73.7476499,
          40.693563
        ]
      },
      "properties": {
        "name": "Wharton Exterminating Services",
        "cat": "Pest control service",
        "g": "exterminator",
        "addr": "118-34 204th St",
        "score": 4.9
      }
    },
    {
      "type": "Feature",
      "geometry": {
        "type": "Point",
        "coordinates": [
          -73.9534785,
          40.5993064
        ]
      },
      "properties": {
        "name": "King Express Deli",
        "cat": "Deli",
        "g": "bodega",
        "addr": "1801 Avenue U",
        "score": 4.3
      }
    },
    {
      "type": "Feature",
      "geometry": {
        "type": "Point",
        "coordinates": [
          -73.9299403,
          40.6160757
        ]
      },
      "properties": {
        "name": "Lucky Family Deli Grocery",
        "cat": "Deli",
        "g": "bodega",
        "addr": "2206A Flatbush Ave",
        "score": 4.8
      }
    },
    {
      "type": "Feature",
      "geometry": {
        "type": "Point",
        "coordinates": [
          -73.9399664,
          40.5918586
        ]
      },
      "properties": {
        "name": "Ave Y Gourmet Basket & Grill",
        "cat": "Grocery store",
        "g": "bodega",
        "addr": "3775 Nostrand Ave",
        "score": 4.5
      }
    },
    {
      "type": "Feature",
      "geometry": {
        "type": "Point",
        "coordinates": [
          -73.9286634,
          40.6186307
        ]
      },
      "properties": {
        "name": "Los Dos Carnales",
        "cat": "Deli",
        "g": "bodega",
        "addr": "4802 Avenue N",
        "score": 4.7
      }
    },
    {
      "type": "Feature",
      "geometry": {
        "type": "Point",
        "coordinates": [
          -73.93395,
          40.6194983
        ]
      },
      "properties": {
        "name": "Lucky Seven Deli & Cigar Shop",
        "cat": "Deli",
        "g": "bodega",
        "addr": "2062 Flatbush Ave",
        "score": 4.3
      }
    },
    {
      "type": "Feature",
      "geometry": {
        "type": "Point",
        "coordinates": [
          -73.9601604,
          40.5874803
        ]
      },
      "properties": {
        "name": "HALAL Z DELI & GRILL",
        "cat": "Deli",
        "g": "bodega",
        "addr": "2835 Coney Island Ave",
        "score": 4.5
      }
    },
    {
      "type": "Feature",
      "geometry": {
        "type": "Point",
        "coordinates": [
          -73.9480743,
          40.5888747
        ]
      },
      "properties": {
        "name": "King's II deli and grocery",
        "cat": "Deli",
        "g": "bodega",
        "addr": "2105 Avenue Z",
        "score": 4.3
      }
    },
    {
      "type": "Feature",
      "geometry": {
        "type": "Point",
        "coordinates": [
          -73.7958048,
          40.5931194
        ]
      },
      "properties": {
        "name": "66-16 Meat & Produce",
        "cat": "Grocery store",
        "g": "bodega",
        "addr": "66-14 Beach Channel Dr",
        "score": 4.2
      }
    },
    {
      "type": "Feature",
      "geometry": {
        "type": "Point",
        "coordinates": [
          -73.93735,
          40.584185
        ]
      },
      "properties": {
        "name": "Shoreway Convenience",
        "cat": "Convenience store",
        "g": "bodega",
        "addr": "3043 Emmons Ave",
        "score": 4.8
      }
    },
    {
      "type": "Feature",
      "geometry": {
        "type": "Point",
        "coordinates": [
          -73.9574063,
          40.6082049
        ]
      },
      "properties": {
        "name": "King's Deli & Grocery",
        "cat": "Grocery store",
        "g": "bodega",
        "addr": "1702 East 16th Street",
        "score": 3.8
      }
    },
    {
      "type": "Feature",
      "geometry": {
        "type": "Point",
        "coordinates": [
          -73.9168299,
          40.6197794
        ]
      },
      "properties": {
        "name": "Avenue N Deli Corporation",
        "cat": "Deli",
        "g": "bodega",
        "addr": "6309 Avenue N",
        "score": 4
      }
    },
    {
      "type": "Feature",
      "geometry": {
        "type": "Point",
        "coordinates": [
          -73.9266609,
          40.6104095
        ]
      },
      "properties": {
        "name": "Kimball Delicatessen",
        "cat": "Deli",
        "g": "bodega",
        "addr": "4013 Avenue T",
        "score": 4.3
      }
    },
    {
      "type": "Feature",
      "geometry": {
        "type": "Point",
        "coordinates": [
          -73.9388341,
          40.5938804
        ]
      },
      "properties": {
        "name": "AGM Mini Market",
        "cat": "Grocery store",
        "g": "bodega",
        "addr": "2972 Avenue X",
        "score": 4.2
      }
    },
    {
      "type": "Feature",
      "geometry": {
        "type": "Point",
        "coordinates": [
          -73.951406,
          40.635866
        ]
      },
      "properties": {
        "name": "RJM Mini Market Corp.",
        "cat": "Grocery store",
        "g": "bodega",
        "addr": "1422 Flatbush Ave",
        "score": 3.5
      }
    },
    {
      "type": "Feature",
      "geometry": {
        "type": "Point",
        "coordinates": [
          -73.9376751,
          40.6139405
        ]
      },
      "properties": {
        "name": "Quentin Deli",
        "cat": "Deli",
        "g": "bodega",
        "addr": "3420 Quentin Rd",
        "score": 4.4
      }
    },
    {
      "type": "Feature",
      "geometry": {
        "type": "Point",
        "coordinates": [
          -73.9084485,
          40.6383231
        ]
      },
      "properties": {
        "name": "Cleanout Express - Junk Removal Brooklyn",
        "cat": "Waste management service",
        "g": "dump",
        "addr": "8622 Flatlands Ave",
        "score": 5
      }
    },
    {
      "type": "Feature",
      "geometry": {
        "type": "Point",
        "coordinates": [
          -73.939943,
          40.5989005
        ]
      },
      "properties": {
        "name": "RUBBISH REMOVAL SUPER CLEAN",
        "cat": "Waste management service",
        "g": "dump",
        "addr": "2170 Brown St",
        "score": 4.9
      }
    },
    {
      "type": "Feature",
      "geometry": {
        "type": "Point",
        "coordinates": [
          -73.89666,
          40.63662
        ]
      },
      "properties": {
        "name": "I love Junk(rubbish Removal)",
        "cat": "Junk removal service",
        "g": "dump",
        "addr": "1449 E 94th St",
        "score": 5
      }
    },
    {
      "type": "Feature",
      "geometry": {
        "type": "Point",
        "coordinates": [
          -73.925557,
          40.637417
        ]
      },
      "properties": {
        "name": "Flat Rate Junk Removal Brooklyn",
        "cat": "Waste management service",
        "g": "dump",
        "addr": "5300 Kings Hwy ste b",
        "score": 4.7
      }
    },
    {
      "type": "Feature",
      "geometry": {
        "type": "Point",
        "coordinates": [
          -73.9158318,
          40.6205345
        ]
      },
      "properties": {
        "name": "Delta Demolition & Waste Removal",
        "cat": "Waste management service",
        "g": "dump",
        "addr": "1364 E 65th St",
        "score": 5
      }
    },
    {
      "type": "Feature",
      "geometry": {
        "type": "Point",
        "coordinates": [
          -73.9279861,
          40.6321815
        ]
      },
      "properties": {
        "name": "Prime Junk Removal Brooklyn NY",
        "cat": "Waste management service",
        "g": "dump",
        "addr": "1645 Utica Ave",
        "score": 4.9
      }
    },
    {
      "type": "Feature",
      "geometry": {
        "type": "Point",
        "coordinates": [
          -73.8758127,
          40.6621099
        ]
      },
      "properties": {
        "name": "Atlas Roll Off Corp",
        "cat": "Waste management service",
        "g": "dump",
        "addr": "895 Essex St",
        "score": 4.1
      }
    },
    {
      "type": "Feature",
      "geometry": {
        "type": "Point",
        "coordinates": [
          -73.7926226,
          40.703067
        ]
      },
      "properties": {
        "name": "TNCC Waste Management",
        "cat": "Recycling center",
        "g": "dump",
        "addr": "94-05 165th St",
        "score": 3.4
      }
    },
    {
      "type": "Feature",
      "geometry": {
        "type": "Point",
        "coordinates": [
          -73.7431897,
          40.6385844
        ]
      },
      "properties": {
        "name": "Russo Recycling",
        "cat": "Recycling center",
        "g": "dump",
        "addr": "248-12 Brookville Blvd",
        "score": 4
      }
    },
    {
      "type": "Feature",
      "geometry": {
        "type": "Point",
        "coordinates": [
          -74.0105407,
          40.6681441
        ]
      },
      "properties": {
        "name": "Redway Group, Inc.",
        "cat": "Wholesaler",
        "g": "warehouse",
        "addr": "754 Columbia St",
        "score": null
      }
    },
    {
      "type": "Feature",
      "geometry": {
        "type": "Point",
        "coordinates": [
          -74.0067299,
          40.656798
        ]
      },
      "properties": {
        "name": "CocoaSupply (Fine Cocoa Products)",
        "cat": "Food products supplier",
        "g": "warehouse",
        "addr": "67 35th St Unit C405",
        "score": 4.6
      }
    },
    {
      "type": "Feature",
      "geometry": {
        "type": "Point",
        "coordinates": [
          -74.0169989,
          40.6512486
        ]
      },
      "properties": {
        "name": "US Sweetners Corp",
        "cat": "Food products supplier",
        "g": "warehouse",
        "addr": "133 48th St",
        "score": 5
      }
    },
    {
      "type": "Feature",
      "geometry": {
        "type": "Point",
        "coordinates": [
          -74.0143428,
          40.6652617
        ]
      },
      "properties": {
        "name": "F & V Distribution Co LLC",
        "cat": "Beer distributor",
        "g": "warehouse",
        "addr": "700 Columbia St",
        "score": 5
      }
    },
    {
      "type": "Feature",
      "geometry": {
        "type": "Point",
        "coordinates": [
          -73.9597632,
          40.6174114
        ]
      },
      "properties": {
        "name": "Bed Bug 911",
        "cat": "Pest control service",
        "g": "exterminator",
        "addr": "1324 E 15th St",
        "score": 4.6
      }
    },
    {
      "type": "Feature",
      "geometry": {
        "type": "Point",
        "coordinates": [
          -73.7468048,
          40.600319
        ]
      },
      "properties": {
        "name": "Citi Pest Control Exterminators",
        "cat": "Pest control service",
        "g": "exterminator",
        "addr": "12-15 Frisco Ave",
        "score": 4.7
      }
    },
    {
      "type": "Feature",
      "geometry": {
        "type": "Point",
        "coordinates": [
          -73.9598438,
          40.5901226
        ]
      },
      "properties": {
        "name": "Abolish Pest Control Services Inc",
        "cat": "Pest control service",
        "g": "exterminator",
        "addr": "2466 E 11th St",
        "score": 5
      }
    },
    {
      "type": "Feature",
      "geometry": {
        "type": "Point",
        "coordinates": [
          -73.9376691,
          40.6138389
        ]
      },
      "properties": {
        "name": "Pro Pest Control South Brooklyn",
        "cat": "Pest control service",
        "g": "exterminator",
        "addr": "3418 Quentin Rd",
        "score": 4.9
      }
    },
    {
      "type": "Feature",
      "geometry": {
        "type": "Point",
        "coordinates": [
          -73.9543256,
          40.6164997
        ]
      },
      "properties": {
        "name": "Monster Trapping and Pest - Brooklyn Service Area",
        "cat": "Pest control service",
        "g": "exterminator",
        "addr": "1865 Ocean Ave",
        "score": 5
      }
    },
    {
      "type": "Feature",
      "geometry": {
        "type": "Point",
        "coordinates": [
          -73.9469505,
          40.6262993
        ]
      },
      "properties": {
        "name": "Bug-Off Exterminating",
        "cat": "Pest control service",
        "g": "exterminator",
        "addr": "2392 Nostrand Ave",
        "score": 5
      }
    },
    {
      "type": "Feature",
      "geometry": {
        "type": "Point",
        "coordinates": [
          -73.744061,
          40.6389799
        ]
      },
      "properties": {
        "name": "Regency Recycling Corporation",
        "cat": "Waste management service",
        "g": "dump",
        "addr": "248-10 Brookville Blvd",
        "score": 4.6
      }
    },
    {
      "type": "Feature",
      "geometry": {
        "type": "Point",
        "coordinates": [
          -73.7544395,
          40.5962192
        ]
      },
      "properties": {
        "name": "Far Rockaway Dumpster Rentals Queens Ltd",
        "cat": "Dumpster rental service",
        "g": "dump",
        "addr": "229-265 Beach 20th St #53",
        "score": 5
      }
    },
    {
      "type": "Feature",
      "geometry": {
        "type": "Point",
        "coordinates": [
          -73.9292427,
          40.6378545
        ]
      },
      "properties": {
        "name": "Junk Removal Management Brooklyn NY",
        "cat": "Garbage collection service",
        "g": "dump",
        "addr": "1422 Utica Ave Suite 1",
        "score": 4.9
      }
    },
    {
      "type": "Feature",
      "geometry": {
        "type": "Point",
        "coordinates": [
          -73.9216053,
          40.6266476
        ]
      },
      "properties": {
        "name": "Spotless junk removal",
        "cat": "Garbage collection service",
        "g": "dump",
        "addr": "1197 E 56th St",
        "score": 5
      }
    },
    {
      "type": "Feature",
      "geometry": {
        "type": "Point",
        "coordinates": [
          -73.922411,
          40.6396169
        ]
      },
      "properties": {
        "name": "S & S Containers Inc",
        "cat": "Waste management service",
        "g": "dump",
        "addr": "5601 Preston Ct",
        "score": 5
      }
    },
    {
      "type": "Feature",
      "geometry": {
        "type": "Point",
        "coordinates": [
          -73.9197936,
          40.6278218
        ]
      },
      "properties": {
        "name": "A.I. Junk Removal & Services LLC",
        "cat": "Waste management service",
        "g": "dump",
        "addr": "1097 E 58th St",
        "score": 5
      }
    },
    {
      "type": "Feature",
      "geometry": {
        "type": "Point",
        "coordinates": [
          -73.9570832,
          40.6085819
        ]
      },
      "properties": {
        "name": "Kings deli and juice bar",
        "cat": "Convenience store",
        "g": "bodega",
        "addr": "1683 East 16th Street",
        "score": 4.1
      }
    },
    {
      "type": "Feature",
      "geometry": {
        "type": "Point",
        "coordinates": [
          -73.940745,
          40.6004121
        ]
      },
      "properties": {
        "name": "Ave.U Gourmet Deli & Grill",
        "cat": "Deli",
        "g": "bodega",
        "addr": "2101 Haring St",
        "score": 3.9
      }
    },
    {
      "type": "Feature",
      "geometry": {
        "type": "Point",
        "coordinates": [
          -73.9518303,
          40.599206
        ]
      },
      "properties": {
        "name": "Avenue U Sizzling Deli and Grill",
        "cat": "Deli",
        "g": "bodega",
        "addr": "1922 Avenue U",
        "score": 4.4
      }
    },
    {
      "type": "Feature",
      "geometry": {
        "type": "Point",
        "coordinates": [
          -73.9397447,
          40.5938028
        ]
      },
      "properties": {
        "name": "M&S Grocery Deli",
        "cat": "Grocery store",
        "g": "bodega",
        "addr": "2952 Avenue X",
        "score": 3.8
      }
    },
    {
      "type": "Feature",
      "geometry": {
        "type": "Point",
        "coordinates": [
          -73.9490439,
          40.6037451
        ]
      },
      "properties": {
        "name": "Big Apple Junk Removal",
        "cat": "Waste management service",
        "g": "dump",
        "addr": "1923 E 23rd St",
        "score": 5
      }
    },
    {
      "type": "Feature",
      "geometry": {
        "type": "Point",
        "coordinates": [
          -73.94589,
          40.6199786
        ]
      },
      "properties": {
        "name": "Alternative Resource Garbage Removal Service CO",
        "cat": "Garbage collection service",
        "g": "dump",
        "addr": "2652 Nostrand Ave",
        "score": 5
      }
    },
    {
      "type": "Feature",
      "geometry": {
        "type": "Point",
        "coordinates": [
          -73.8783995,
          40.6860039
        ]
      },
      "properties": {
        "name": "Ronnie Rubbish Removal New York",
        "cat": "Waste management service",
        "g": "dump",
        "addr": "",
        "score": 4.9
      }
    },
    {
      "type": "Feature",
      "geometry": {
        "type": "Point",
        "coordinates": [
          -73.74479,
          40.61093
        ]
      },
      "properties": {
        "name": "Mosquito Seekers",
        "cat": "Pest control service",
        "g": "exterminator",
        "addr": "36 Doughty Blvd",
        "score": 4.9
      }
    },
    {
      "type": "Feature",
      "geometry": {
        "type": "Point",
        "coordinates": [
          -73.979506,
          40.6971415
        ]
      },
      "properties": {
        "name": "Bed Bug Exterminators Brooklyn NY | Emergency Bed Bug Removal",
        "cat": "Pest control service",
        "g": "exterminator",
        "addr": "",
        "score": 4.8
      }
    },
    {
      "type": "Feature",
      "geometry": {
        "type": "Point",
        "coordinates": [
          -73.9796294,
          40.6971415
        ]
      },
      "properties": {
        "name": "Northeastern Exterminating",
        "cat": "Pest control service",
        "g": "exterminator",
        "addr": "",
        "score": 4.8
      }
    },
    {
      "type": "Feature",
      "geometry": {
        "type": "Point",
        "coordinates": [
          -73.8711404,
          40.6507535
        ]
      },
      "properties": {
        "name": "Greenway Exterminating",
        "cat": "Pest control service",
        "g": "exterminator",
        "addr": "",
        "score": 5
      }
    },
    {
      "type": "Feature",
      "geometry": {
        "type": "Point",
        "coordinates": [
          -73.8711404,
          40.6507535
        ]
      },
      "properties": {
        "name": "Queens NY Bedbugs Roach Ants Termites Mice Rats Pest Control Exterminator",
        "cat": "Pest control service",
        "g": "exterminator",
        "addr": "",
        "score": 5
      }
    },
    {
      "type": "Feature",
      "geometry": {
        "type": "Point",
        "coordinates": [
          -73.9448356,
          40.6452314
        ]
      },
      "properties": {
        "name": "Brooklyn NY Pest Control Exterminator",
        "cat": "Pest control service",
        "g": "exterminator",
        "addr": "",
        "score": 4.5
      }
    },
    {
      "type": "Feature",
      "geometry": {
        "type": "Point",
        "coordinates": [
          -73.950006,
          40.590141
        ]
      },
      "properties": {
        "name": "Bed Bug Treatment and Removal",
        "cat": "Pest control service",
        "g": "exterminator",
        "addr": "2900 Ocean Ave",
        "score": 4.5
      }
    },
    {
      "type": "Feature",
      "geometry": {
        "type": "Point",
        "coordinates": [
          -73.9166181,
          40.6411455
        ]
      },
      "properties": {
        "name": "NYC Organic Distribution INC.",
        "cat": "Distribution service",
        "g": "warehouse",
        "addr": "527 E 82nd St #529",
        "score": 3.2
      }
    },
    {
      "type": "Feature",
      "geometry": {
        "type": "Point",
        "coordinates": [
          -73.9139312,
          40.6118128
        ]
      },
      "properties": {
        "name": "EcoQuality",
        "cat": "Wholesaler",
        "g": "warehouse",
        "addr": "6103 Strickland Ave",
        "score": 4.8
      }
    },
    {
      "type": "Feature",
      "geometry": {
        "type": "Point",
        "coordinates": [
          -73.913936,
          40.6432075
        ]
      },
      "properties": {
        "name": "IBI Distributors Inc",
        "cat": "Produce wholesaler",
        "g": "warehouse",
        "addr": "8608 Foster Ave",
        "score": 3.5
      }
    },
    {
      "type": "Feature",
      "geometry": {
        "type": "Point",
        "coordinates": [
          -73.9173323,
          40.643404
        ]
      },
      "properties": {
        "name": "Ramela Distributors",
        "cat": "Food products supplier",
        "g": "warehouse",
        "addr": "38 Brooklyn Terminal Market",
        "score": 5
      }
    },
    {
      "type": "Feature",
      "geometry": {
        "type": "Point",
        "coordinates": [
          -73.9151643,
          40.6445552
        ]
      },
      "properties": {
        "name": "Total Products Distributor",
        "cat": "Food products supplier",
        "g": "warehouse",
        "addr": "70 Center Market St",
        "score": 5
      }
    },
    {
      "type": "Feature",
      "geometry": {
        "type": "Point",
        "coordinates": [
          -73.8027846,
          40.5909
        ]
      },
      "properties": {
        "name": "Savvy Business inc Wholesale Distributor",
        "cat": "Wholesaler",
        "g": "warehouse",
        "addr": "74-16 Beach Channel Dr",
        "score": 5
      }
    },
    {
      "type": "Feature",
      "geometry": {
        "type": "Point",
        "coordinates": [
          -73.9152759,
          40.6444864
        ]
      },
      "properties": {
        "name": "Caribbean Food Distributors",
        "cat": "Wholesale grocer",
        "g": "warehouse",
        "addr": "68 Center Market St",
        "score": 5
      }
    },
    {
      "type": "Feature",
      "geometry": {
        "type": "Point",
        "coordinates": [
          -73.915547,
          40.643002
        ]
      },
      "properties": {
        "name": "P&A Produce LLC",
        "cat": "Produce wholesaler",
        "g": "warehouse",
        "addr": "17 S Market St",
        "score": 5
      }
    },
    {
      "type": "Feature",
      "geometry": {
        "type": "Point",
        "coordinates": [
          -73.9152759,
          40.6444864
        ]
      },
      "properties": {
        "name": "Caribbean Depot",
        "cat": "Wholesaler",
        "g": "warehouse",
        "addr": "Brooklyn Terminal Market, 68 Center Market St #70",
        "score": 3.7
      }
    },
    {
      "type": "Feature",
      "geometry": {
        "type": "Point",
        "coordinates": [
          -73.9237041,
          40.6387332
        ]
      },
      "properties": {
        "name": "S & S Food Imports Inc",
        "cat": "Wholesaler",
        "g": "warehouse",
        "addr": "5337 Preston Ct",
        "score": 5
      }
    },
    {
      "type": "Feature",
      "geometry": {
        "type": "Point",
        "coordinates": [
          -73.9050718,
          40.6498004
        ]
      },
      "properties": {
        "name": "Early Bird Food Distributor",
        "cat": "Distribution service",
        "g": "warehouse",
        "addr": "452 E 99th St",
        "score": 4.8
      }
    },
    {
      "type": "Feature",
      "geometry": {
        "type": "Point",
        "coordinates": [
          -73.9029372,
          40.6490919
        ]
      },
      "properties": {
        "name": "Trooper Foods",
        "cat": "Distribution service",
        "g": "warehouse",
        "addr": "10110 Foster Ave",
        "score": 4.5
      }
    },
    {
      "type": "Feature",
      "geometry": {
        "type": "Point",
        "coordinates": [
          -73.929102,
          40.642644
        ]
      },
      "properties": {
        "name": "Blue Star Food & Paper Inc",
        "cat": "Food products supplier",
        "g": "warehouse",
        "addr": "1233 Utica Ave",
        "score": 4.6
      }
    },
    {
      "type": "Feature",
      "geometry": {
        "type": "Point",
        "coordinates": [
          -73.8711404,
          40.6507535
        ]
      },
      "properties": {
        "name": "Pest Control Bedbugs",
        "cat": "Pest control service",
        "g": "exterminator",
        "addr": "",
        "score": 5
      }
    },
    {
      "type": "Feature",
      "geometry": {
        "type": "Point",
        "coordinates": [
          -73.86985,
          40.6773855
        ]
      },
      "properties": {
        "name": "Libra Pest Services LLC",
        "cat": "Pest control service",
        "g": "exterminator",
        "addr": "",
        "score": 5
      }
    },
    {
      "type": "Feature",
      "geometry": {
        "type": "Point",
        "coordinates": [
          -73.871544,
          40.6971415
        ]
      },
      "properties": {
        "name": "Chuck's Pest Control Inc.",
        "cat": "Pest control service",
        "g": "exterminator",
        "addr": "",
        "score": 5
      }
    },
    {
      "type": "Feature",
      "geometry": {
        "type": "Point",
        "coordinates": [
          -73.9796294,
          40.6974881
        ]
      },
      "properties": {
        "name": "Pest Control Company GTA Inc.",
        "cat": "Pest control service",
        "g": "exterminator",
        "addr": "",
        "score": 5
      }
    },
    {
      "type": "Feature",
      "geometry": {
        "type": "Point",
        "coordinates": [
          -73.9291418,
          40.6354182
        ]
      },
      "properties": {
        "name": "H Schrier",
        "cat": "Distribution service",
        "g": "warehouse",
        "addr": "4901 Glenwood Rd",
        "score": 3.3
      }
    },
    {
      "type": "Feature",
      "geometry": {
        "type": "Point",
        "coordinates": [
          -73.934959,
          40.632671
        ]
      },
      "properties": {
        "name": "OSCAR'S PRODUCE, Fruit & Vegetable Wholesale Distributor",
        "cat": "Wholesaler",
        "g": "warehouse",
        "addr": "4301 Avenue H",
        "score": 5
      }
    },
    {
      "type": "Feature",
      "geometry": {
        "type": "Point",
        "coordinates": [
          -73.9292096,
          40.6431282
        ]
      },
      "properties": {
        "name": "Melba Utica Packing",
        "cat": "Meat wholesaler",
        "g": "warehouse",
        "addr": "1209 Utica Ave",
        "score": 3.3
      }
    },
    {
      "type": "Feature",
      "geometry": {
        "type": "Point",
        "coordinates": [
          -73.9308679,
          40.6365223
        ]
      },
      "properties": {
        "name": "Oem Experts",
        "cat": "Wholesaler",
        "g": "warehouse",
        "addr": "1020 E 48th St",
        "score": 4.8
      }
    },
    {
      "type": "Feature",
      "geometry": {
        "type": "Point",
        "coordinates": [
          -73.9253733,
          40.6390916
        ]
      },
      "properties": {
        "name": "EcoMeal Organic",
        "cat": "Wholesaler",
        "g": "warehouse",
        "addr": "5349 Kings Hwy",
        "score": 4.1
      }
    },
    {
      "type": "Feature",
      "geometry": {
        "type": "Point",
        "coordinates": [
          -73.8959549,
          40.6371211
        ]
      },
      "properties": {
        "name": "Xorb Premium Brooklyn",
        "cat": "Beverage distributor",
        "g": "warehouse",
        "addr": "1439 E 95th St",
        "score": 5
      }
    },
    {
      "type": "Feature",
      "geometry": {
        "type": "Point",
        "coordinates": [
          -73.8707816,
          40.7422148
        ]
      },
      "properties": {
        "name": "Bodega Del Medio",
        "cat": "Grocery store",
        "g": "bodega",
        "addr": "93-16 Corona Ave.",
        "score": 5
      }
    },
    {
      "type": "Feature",
      "geometry": {
        "type": "Point",
        "coordinates": [
          -73.850001,
          40.68481
        ]
      },
      "properties": {
        "name": "91 UNION FAMILY DELI CORP",
        "cat": "Grocery store",
        "g": "bodega",
        "addr": "91-02 97th Ave",
        "score": 4.5
      }
    },
    {
      "type": "Feature",
      "geometry": {
        "type": "Point",
        "coordinates": [
          -73.903468,
          40.698634
        ]
      },
      "properties": {
        "name": "Bodega de Compaña",
        "cat": "Grocery store",
        "g": "bodega",
        "addr": "17-01 Centre St",
        "score": 4.5
      }
    },
    {
      "type": "Feature",
      "geometry": {
        "type": "Point",
        "coordinates": [
          -73.9009047,
          40.7466041
        ]
      },
      "properties": {
        "name": "Royal Bodega Convenience",
        "cat": "Convenience store",
        "g": "bodega",
        "addr": "39-02 63rd St",
        "score": 5
      }
    },
    {
      "type": "Feature",
      "geometry": {
        "type": "Point",
        "coordinates": [
          -73.9147142,
          40.6900873
        ]
      },
      "properties": {
        "name": "Adolfo's Food Corporation",
        "cat": "Grocery store",
        "g": "bodega",
        "addr": "543 Evergreen Ave",
        "score": 4.8
      }
    },
    {
      "type": "Feature",
      "geometry": {
        "type": "Point",
        "coordinates": [
          -73.9115909,
          40.7084868
        ]
      },
      "properties": {
        "name": "Grace Tree",
        "cat": "Grocery store",
        "g": "bodega",
        "addr": "4-15 Woodward Ave",
        "score": 4.6
      }
    },
    {
      "type": "Feature",
      "geometry": {
        "type": "Point",
        "coordinates": [
          -73.9065143,
          40.6944176
        ]
      },
      "properties": {
        "name": "Los Limones Deli",
        "cat": "Deli",
        "g": "bodega",
        "addr": "1330 Halsey St",
        "score": 4.3
      }
    },
    {
      "type": "Feature",
      "geometry": {
        "type": "Point",
        "coordinates": [
          -73.8922512,
          40.7008929
        ]
      },
      "properties": {
        "name": "Bringing bodegas back",
        "cat": "Deli",
        "g": "bodega",
        "addr": "64-02 Myrtle Ave",
        "score": 5
      }
    },
    {
      "type": "Feature",
      "geometry": {
        "type": "Point",
        "coordinates": [
          -73.842902,
          40.695406
        ]
      },
      "properties": {
        "name": "Five Stars Grocery and kay made",
        "cat": "Grocery store",
        "g": "bodega",
        "addr": "104-13 Jamaica Ave",
        "score": 4.5
      }
    },
    {
      "type": "Feature",
      "geometry": {
        "type": "Point",
        "coordinates": [
          -73.9018917,
          40.7051134
        ]
      },
      "properties": {
        "name": "Ridgewood Finest Deli",
        "cat": "Deli",
        "g": "bodega",
        "addr": "66-81 Forest Ave",
        "score": 4.9
      }
    },
    {
      "type": "Feature",
      "geometry": {
        "type": "Point",
        "coordinates": [
          -73.8943954,
          40.6964561
        ]
      },
      "properties": {
        "name": "Daisy's Deli & Grocery",
        "cat": "Grocery store",
        "g": "bodega",
        "addr": "60-49 Cooper Ave",
        "score": 4.5
      }
    },
    {
      "type": "Feature",
      "geometry": {
        "type": "Point",
        "coordinates": [
          -73.9411945,
          40.7120746
        ]
      },
      "properties": {
        "name": "Grand Freedom Market Deli & Grill",
        "cat": "Deli",
        "g": "bodega",
        "addr": "805 Grand St",
        "score": 4.8
      }
    },
    {
      "type": "Feature",
      "geometry": {
        "type": "Point",
        "coordinates": [
          -73.940176,
          40.7078338
        ]
      },
      "properties": {
        "name": "L Stop Gourmet Deli",
        "cat": "Deli",
        "g": "bodega",
        "addr": "223 Montrose Ave",
        "score": 4.5
      }
    },
    {
      "type": "Feature",
      "geometry": {
        "type": "Point",
        "coordinates": [
          -73.9334097,
          40.6905733
        ]
      },
      "properties": {
        "name": "Greene market",
        "cat": "Deli",
        "g": "bodega",
        "addr": "137 Stuyvesant Ave",
        "score": 4.1
      }
    },
    {
      "type": "Feature",
      "geometry": {
        "type": "Point",
        "coordinates": [
          -73.9598362,
          40.7113836
        ]
      },
      "properties": {
        "name": "Aden Gourmet Deli",
        "cat": "Deli",
        "g": "bodega",
        "addr": "244 Roebling St",
        "score": 4.4
      }
    },
    {
      "type": "Feature",
      "geometry": {
        "type": "Point",
        "coordinates": [
          -73.953998,
          40.674397
        ]
      },
      "properties": {
        "name": "BROOKLYN BORN MINI MARKET",
        "cat": "Grocery store",
        "g": "bodega",
        "addr": "1426 Bedford Ave",
        "score": 3.9
      }
    },
    {
      "type": "Feature",
      "geometry": {
        "type": "Point",
        "coordinates": [
          -73.9590681,
          40.6831153
        ]
      },
      "properties": {
        "name": "Classon Avenue Grocery & Deli",
        "cat": "Deli",
        "g": "bodega",
        "addr": "504 Classon Ave",
        "score": 4.2
      }
    },
    {
      "type": "Feature",
      "geometry": {
        "type": "Point",
        "coordinates": [
          -73.9386384,
          40.6847228
        ]
      },
      "properties": {
        "name": "Prestige Gourmet Deli Corp.",
        "cat": "Deli",
        "g": "bodega",
        "addr": "362 Marcus Garvey Blvd",
        "score": 4.4
      }
    },
    {
      "type": "Feature",
      "geometry": {
        "type": "Point",
        "coordinates": [
          -73.9447292,
          40.7150877
        ]
      },
      "properties": {
        "name": "Late Night Stars Deli",
        "cat": "Deli",
        "g": "bodega",
        "addr": "357 Graham Ave",
        "score": 4.4
      }
    },
    {
      "type": "Feature",
      "geometry": {
        "type": "Point",
        "coordinates": [
          -73.946863,
          40.727163
        ]
      },
      "properties": {
        "name": "Beyond Deli & Grocery",
        "cat": "Deli",
        "g": "bodega",
        "addr": "185 Norman Ave suite b",
        "score": 4.2
      }
    },
    {
      "type": "Feature",
      "geometry": {
        "type": "Point",
        "coordinates": [
          -73.8799125,
          40.8065737
        ]
      },
      "properties": {
        "name": "Metropolitan Transfer Station",
        "cat": "Waste management service",
        "g": "dump",
        "addr": "287 Halleck St #289",
        "score": 3.9
      }
    },
    {
      "type": "Feature",
      "geometry": {
        "type": "Point",
        "coordinates": [
          -73.863521,
          40.881639
        ]
      },
      "properties": {
        "name": "Magenta Carting Inc",
        "cat": "Waste management service",
        "g": "dump",
        "addr": "3708 White Plains Rd",
        "score": 3.8
      }
    },
    {
      "type": "Feature",
      "geometry": {
        "type": "Point",
        "coordinates": [
          -73.8666469,
          40.8447419
        ]
      },
      "properties": {
        "name": "Legacy Carting Corporation and Dumpster",
        "cat": "Garbage collection service",
        "g": "dump",
        "addr": "1736 Victor St",
        "score": 4.5
      }
    },
    {
      "type": "Feature",
      "geometry": {
        "type": "Point",
        "coordinates": [
          -73.9432839,
          40.693941
        ]
      },
      "properties": {
        "name": "NAF Deli Grocery Organic",
        "cat": "Grocery store",
        "g": "bodega",
        "addr": "207 Hart St",
        "score": 4.6
      }
    },
    {
      "type": "Feature",
      "geometry": {
        "type": "Point",
        "coordinates": [
          -73.94946,
          40.678215
        ]
      },
      "properties": {
        "name": "Wholesome Farms Market",
        "cat": "Grocery store",
        "g": "bodega",
        "addr": "1306 Atlantic Ave",
        "score": 4.2
      }
    },
    {
      "type": "Feature",
      "geometry": {
        "type": "Point",
        "coordinates": [
          -73.7567085,
          40.6721264
        ]
      },
      "properties": {
        "name": "Gardens Deli",
        "cat": "Deli",
        "g": "bodega",
        "addr": "140-14 Springfield Blvd",
        "score": 4.3
      }
    },
    {
      "type": "Feature",
      "geometry": {
        "type": "Point",
        "coordinates": [
          -73.9594846,
          40.6873264
        ]
      },
      "properties": {
        "name": "Greene Food Deli",
        "cat": "Deli",
        "g": "bodega",
        "addr": "397 Classon Ave",
        "score": 4.5
      }
    },
    {
      "type": "Feature",
      "geometry": {
        "type": "Point",
        "coordinates": [
          -73.924854,
          40.67281
        ]
      },
      "properties": {
        "name": "Buga Deli Grocery",
        "cat": "Grocery store",
        "g": "bodega",
        "addr": "187 Buffalo Ave",
        "score": 4.6
      }
    },
    {
      "type": "Feature",
      "geometry": {
        "type": "Point",
        "coordinates": [
          -73.9317936,
          40.7055338
        ]
      },
      "properties": {
        "name": "L Mos Market",
        "cat": "Deli",
        "g": "bodega",
        "addr": "51 Morgan Ave",
        "score": 4.2
      }
    },
    {
      "type": "Feature",
      "geometry": {
        "type": "Point",
        "coordinates": [
          -73.9502624,
          40.7183981
        ]
      },
      "properties": {
        "name": "Blue Star Deli & Grill",
        "cat": "Deli",
        "g": "bodega",
        "addr": "715 Lorimer St",
        "score": 4.5
      }
    },
    {
      "type": "Feature",
      "geometry": {
        "type": "Point",
        "coordinates": [
          -73.94474,
          40.7153317
        ]
      },
      "properties": {
        "name": "Graham Garden",
        "cat": "Deli",
        "g": "bodega",
        "addr": "359 Graham Ave",
        "score": 4.1
      }
    },
    {
      "type": "Feature",
      "geometry": {
        "type": "Point",
        "coordinates": [
          -73.9538472,
          40.7071656
        ]
      },
      "properties": {
        "name": "Broadway Mini Market Deli",
        "cat": "Grocery store",
        "g": "bodega",
        "addr": "403 Broadway",
        "score": 3.7
      }
    },
    {
      "type": "Feature",
      "geometry": {
        "type": "Point",
        "coordinates": [
          -73.8645976,
          40.7401535
        ]
      },
      "properties": {
        "name": "Super Fresh Distribution Inc.",
        "cat": "Food products supplier",
        "g": "warehouse",
        "addr": "53-04 97th Pl",
        "score": 5
      }
    },
    {
      "type": "Feature",
      "geometry": {
        "type": "Point",
        "coordinates": [
          -73.8651825,
          40.6901331
        ]
      },
      "properties": {
        "name": "Finest Foods Distributing",
        "cat": "Distribution service",
        "g": "warehouse",
        "addr": "87-21 76th St",
        "score": 4.3
      }
    },
    {
      "type": "Feature",
      "geometry": {
        "type": "Point",
        "coordinates": [
          -73.7792679,
          40.7048101
        ]
      },
      "properties": {
        "name": "Rahman Distributors Inc",
        "cat": "Distribution service",
        "g": "warehouse",
        "addr": "104-07 180th St",
        "score": 5
      }
    },
    {
      "type": "Feature",
      "geometry": {
        "type": "Point",
        "coordinates": [
          -73.9102976,
          40.72369
        ]
      },
      "properties": {
        "name": "NY Fancy Food Distributor, Inc",
        "cat": "Wholesaler",
        "g": "warehouse",
        "addr": "58-58 56th Dr",
        "score": 3
      }
    },
    {
      "type": "Feature",
      "geometry": {
        "type": "Point",
        "coordinates": [
          -73.9169685,
          40.7359001
        ]
      },
      "properties": {
        "name": "Premium Foods USA (Shahjalal)",
        "cat": "Food products supplier",
        "g": "warehouse",
        "addr": "50-49 49th St",
        "score": 3.9
      }
    },
    {
      "type": "Feature",
      "geometry": {
        "type": "Point",
        "coordinates": [
          -73.916631,
          40.716328
        ]
      },
      "properties": {
        "name": "Shibolet Co. Inc. Specialty Food Distributors",
        "cat": "Wholesale grocer",
        "g": "warehouse",
        "addr": "51-18 Grand Ave #9",
        "score": 5
      }
    },
    {
      "type": "Feature",
      "geometry": {
        "type": "Point",
        "coordinates": [
          -73.8115386,
          40.7272915
        ]
      },
      "properties": {
        "name": "Kissena Beverage",
        "cat": "Beer distributor",
        "g": "warehouse",
        "addr": "156-17 73rd Ave",
        "score": 4.2
      }
    },
    {
      "type": "Feature",
      "geometry": {
        "type": "Point",
        "coordinates": [
          -73.9136781,
          40.7244273
        ]
      },
      "properties": {
        "name": "South Asian Food Inc",
        "cat": "Seafood wholesaler",
        "g": "warehouse",
        "addr": "56-27 56th Dr",
        "score": 3.7
      }
    },
    {
      "type": "Feature",
      "geometry": {
        "type": "Point",
        "coordinates": [
          -73.914734,
          40.726917
        ]
      },
      "properties": {
        "name": "DELIGHT DISTRIBUTION INC",
        "cat": "Food products supplier",
        "g": "warehouse",
        "addr": "56-05 55th Dr #1",
        "score": 1
      }
    },
    {
      "type": "Feature",
      "geometry": {
        "type": "Point",
        "coordinates": [
          -73.7830699,
          40.6703728
        ]
      },
      "properties": {
        "name": "Meat Bar Wholesale Restaurant Supplier",
        "cat": "Food products supplier",
        "g": "warehouse",
        "addr": "153-07 Rockaway Blvd",
        "score": 4.9
      }
    },
    {
      "type": "Feature",
      "geometry": {
        "type": "Point",
        "coordinates": [
          -73.8885116,
          40.7377738
        ]
      },
      "properties": {
        "name": "Fauna Food Corporation",
        "cat": "Food products supplier",
        "g": "warehouse",
        "addr": "50-10 Kneeland St",
        "score": 4.2
      }
    },
    {
      "type": "Feature",
      "geometry": {
        "type": "Point",
        "coordinates": [
          -73.909159,
          40.723523
        ]
      },
      "properties": {
        "name": "Don Luis Mexican Products",
        "cat": "Food products supplier",
        "g": "warehouse",
        "addr": "56-63 Melvina Pl",
        "score": 5
      }
    },
    {
      "type": "Feature",
      "geometry": {
        "type": "Point",
        "coordinates": [
          -73.8208137,
          40.6992805
        ]
      },
      "properties": {
        "name": "Unique Importer & Distributor Inc.",
        "cat": "Food products supplier",
        "g": "warehouse",
        "addr": "89-21 130th St",
        "score": null
      }
    },
    {
      "type": "Feature",
      "geometry": {
        "type": "Point",
        "coordinates": [
          -73.891569,
          40.6572807
        ]
      },
      "properties": {
        "name": "Iberia Foods",
        "cat": "Food products supplier",
        "g": "warehouse",
        "addr": "1900 Linden Blvd",
        "score": 3.4
      }
    },
    {
      "type": "Feature",
      "geometry": {
        "type": "Point",
        "coordinates": [
          -73.787552,
          40.7046653
        ]
      },
      "properties": {
        "name": "Regal Recycling",
        "cat": "Recycling center",
        "g": "dump",
        "addr": "170-21 Douglas Ave",
        "score": 3.4
      }
    },
    {
      "type": "Feature",
      "geometry": {
        "type": "Point",
        "coordinates": [
          -73.8696331,
          40.6726277
        ]
      },
      "properties": {
        "name": "Empire State Junk Removal Brooklyn",
        "cat": "Waste management service",
        "g": "dump",
        "addr": "616 Crescent St.",
        "score": 4.6
      }
    },
    {
      "type": "Feature",
      "geometry": {
        "type": "Point",
        "coordinates": [
          -73.7895029,
          40.703889
        ]
      },
      "properties": {
        "name": "Royal Waste Services",
        "cat": "Waste management service",
        "g": "dump",
        "addr": "168-46 Douglas Ave",
        "score": 4.3
      }
    },
    {
      "type": "Feature",
      "geometry": {
        "type": "Point",
        "coordinates": [
          -73.785194,
          40.705257
        ]
      },
      "properties": {
        "name": "American Recycling Management LLC",
        "cat": "Recycling center",
        "g": "dump",
        "addr": "172-33 Douglas Ave",
        "score": 4.2
      }
    },
    {
      "type": "Feature",
      "geometry": {
        "type": "Point",
        "coordinates": [
          -73.8757516,
          40.6636819
        ]
      },
      "properties": {
        "name": "Metropolitan Recycling",
        "cat": "Garbage collection service",
        "g": "dump",
        "addr": "847 Shepherd Ave",
        "score": 4.4
      }
    },
    {
      "type": "Feature",
      "geometry": {
        "type": "Point",
        "coordinates": [
          -73.8779021,
          40.7063692
        ]
      },
      "properties": {
        "name": "Boro-Wide Recycling Corporation",
        "cat": "Garbage collection service",
        "g": "dump",
        "addr": "73-10 Edsall Ave",
        "score": 3.2
      }
    },
    {
      "type": "Feature",
      "geometry": {
        "type": "Point",
        "coordinates": [
          -73.8273657,
          40.7046768
        ]
      },
      "properties": {
        "name": "Flat Rate Junk Removal Queens",
        "cat": "Waste management service",
        "g": "dump",
        "addr": "124-18 Metropolitan Ave ste a",
        "score": 4.6
      }
    },
    {
      "type": "Feature",
      "geometry": {
        "type": "Point",
        "coordinates": [
          -73.9111132,
          40.7173519
        ]
      },
      "properties": {
        "name": "Basin Haulage",
        "cat": "Garbage collection service",
        "g": "dump",
        "addr": "57-01 Flushing Ave",
        "score": 4
      }
    },
    {
      "type": "Feature",
      "geometry": {
        "type": "Point",
        "coordinates": [
          -73.8006829,
          40.7067829
        ]
      },
      "properties": {
        "name": "JM & SON ROLL OFF CORP",
        "cat": "Waste management service",
        "g": "dump",
        "addr": "88-44 161st St Apt 5J",
        "score": 5
      }
    },
    {
      "type": "Feature",
      "geometry": {
        "type": "Point",
        "coordinates": [
          -73.8686954,
          40.6682582
        ]
      },
      "properties": {
        "name": "Clear Choice Garbage Collection Service",
        "cat": "Garbage collection service",
        "g": "dump",
        "addr": "2594 Linden Blvd",
        "score": 5
      }
    },
    {
      "type": "Feature",
      "geometry": {
        "type": "Point",
        "coordinates": [
          -73.8437032,
          40.7600447
        ]
      },
      "properties": {
        "name": "Go Green Transfer Station",
        "cat": "Recycling center",
        "g": "dump",
        "addr": "126-46 34th Ave",
        "score": 3.4
      }
    },
    {
      "type": "Feature",
      "geometry": {
        "type": "Point",
        "coordinates": [
          -73.903163,
          40.6966979
        ]
      },
      "properties": {
        "name": "Dimola Waste",
        "cat": "Waste management service",
        "g": "dump",
        "addr": "16-45 Stephen St",
        "score": 5
      }
    },
    {
      "type": "Feature",
      "geometry": {
        "type": "Point",
        "coordinates": [
          -73.9362518,
          40.7064283
        ]
      },
      "properties": {
        "name": "Ryszard Food Distribution",
        "cat": "Distribution service",
        "g": "warehouse",
        "addr": "280 Boerum St",
        "score": 5
      }
    },
    {
      "type": "Feature",
      "geometry": {
        "type": "Point",
        "coordinates": [
          -73.93174,
          40.7423233
        ]
      },
      "properties": {
        "name": "BCS International Corp.",
        "cat": "Food products supplier",
        "g": "warehouse",
        "addr": "47-15 33rd St",
        "score": 3.4
      }
    },
    {
      "type": "Feature",
      "geometry": {
        "type": "Point",
        "coordinates": [
          -73.9189297,
          40.7235248
        ]
      },
      "properties": {
        "name": "Hayan Food Distribution Corp.",
        "cat": "Wholesaler",
        "g": "warehouse",
        "addr": "1 Galasso Pl",
        "score": null
      }
    },
    {
      "type": "Feature",
      "geometry": {
        "type": "Point",
        "coordinates": [
          -73.9200557,
          40.7113932
        ]
      },
      "properties": {
        "name": "M & V Provisions Co Inc",
        "cat": "Wholesaler",
        "g": "warehouse",
        "addr": "18-27 Flushing Ave",
        "score": 4.6
      }
    },
    {
      "type": "Feature",
      "geometry": {
        "type": "Point",
        "coordinates": [
          -73.9219498,
          40.7203916
        ]
      },
      "properties": {
        "name": "Raja Foods and Vegetables Inc.",
        "cat": "Produce wholesaler",
        "g": "warehouse",
        "addr": "57-03 48th St",
        "score": 4.2
      }
    },
    {
      "type": "Feature",
      "geometry": {
        "type": "Point",
        "coordinates": [
          -73.9399922,
          40.7368715
        ]
      },
      "properties": {
        "name": "Abraham Natural Foods Corp.",
        "cat": "Wholesale grocer",
        "g": "warehouse",
        "addr": "30-20 Review Ave",
        "score": 3.8
      }
    },
    {
      "type": "Feature",
      "geometry": {
        "type": "Point",
        "coordinates": [
          -73.7320576,
          40.7117914
        ]
      },
      "properties": {
        "name": "LoadUp Junk Removal",
        "cat": "Waste management service",
        "g": "dump",
        "addr": "221-31 103rd Ave",
        "score": 4.7
      }
    },
    {
      "type": "Feature",
      "geometry": {
        "type": "Point",
        "coordinates": [
          -73.9390093,
          40.7277155
        ]
      },
      "properties": {
        "name": "Point Recycling",
        "cat": "Recycling center",
        "g": "dump",
        "addr": "120 Hausman St",
        "score": 4.7
      }
    },
    {
      "type": "Feature",
      "geometry": {
        "type": "Point",
        "coordinates": [
          -73.9325515,
          40.7247535
        ]
      },
      "properties": {
        "name": "City Recycling Corp",
        "cat": "Recycling center",
        "g": "dump",
        "addr": "151 Anthony St",
        "score": 4.6
      }
    },
    {
      "type": "Feature",
      "geometry": {
        "type": "Point",
        "coordinates": [
          -73.9460652,
          40.7310371
        ]
      },
      "properties": {
        "name": "Cogent Waste Solutions LLC Lic #501970",
        "cat": "Waste management service",
        "g": "dump",
        "addr": "860 Humboldt St",
        "score": 4.7
      }
    },
    {
      "type": "Feature",
      "geometry": {
        "type": "Point",
        "coordinates": [
          -74.2481014,
          40.513505
        ]
      },
      "properties": {
        "name": "Towne Deli & Pizzeria",
        "cat": "Pizza restaurant",
        "g": "pizza",
        "addr": "5373 Arthur Kill Rd",
        "score": 4.4
      }
    },
    {
      "type": "Feature",
      "geometry": {
        "type": "Point",
        "coordinates": [
          -73.9193656,
          40.7211589
        ]
      },
      "properties": {
        "name": "Musco Food Corporation",
        "cat": "Food products supplier",
        "g": "warehouse",
        "addr": "57-01 49th Pl",
        "score": 4.2
      }
    },
    {
      "type": "Feature",
      "geometry": {
        "type": "Point",
        "coordinates": [
          -73.9194871,
          40.7293236
        ]
      },
      "properties": {
        "name": "Valley View Produce",
        "cat": "Food products supplier",
        "g": "warehouse",
        "addr": "5460 48th St",
        "score": 4.5
      }
    },
    {
      "type": "Feature",
      "geometry": {
        "type": "Point",
        "coordinates": [
          -73.9200589,
          40.7141795
        ]
      },
      "properties": {
        "name": "FOODNATION, INC.",
        "cat": "Food products supplier",
        "g": "warehouse",
        "addr": "47-05 Metropolitan Ave",
        "score": 3.3
      }
    },
    {
      "type": "Feature",
      "geometry": {
        "type": "Point",
        "coordinates": [
          -73.93692,
          40.736582
        ]
      },
      "properties": {
        "name": "HK Produce Group Inc (DBA Y2S Trading)",
        "cat": "Produce wholesaler",
        "g": "warehouse",
        "addr": "31-09 Starr Ave",
        "score": 3.8
      }
    },
    {
      "type": "Feature",
      "geometry": {
        "type": "Point",
        "coordinates": [
          -73.936103,
          40.712452
        ]
      },
      "properties": {
        "name": "Ocean Source",
        "cat": "Seafood wholesaler",
        "g": "warehouse",
        "addr": "339B Maujer St",
        "score": 5
      }
    },
    {
      "type": "Feature",
      "geometry": {
        "type": "Point",
        "coordinates": [
          -73.89884,
          40.695069
        ]
      },
      "properties": {
        "name": "Ridgewood Beverage Distribution Corporation",
        "cat": "Beer distributor",
        "g": "warehouse",
        "addr": "77-06 Cypress Ave",
        "score": 4.6
      }
    },
    {
      "type": "Feature",
      "geometry": {
        "type": "Point",
        "coordinates": [
          -73.7964601,
          40.7392201
        ]
      },
      "properties": {
        "name": "MB Global Food",
        "cat": "Food products supplier",
        "g": "warehouse",
        "addr": "59-47 Fresh Meadow Ln",
        "score": null
      }
    },
    {
      "type": "Feature",
      "geometry": {
        "type": "Point",
        "coordinates": [
          -73.9035016,
          40.6527488
        ]
      },
      "properties": {
        "name": "Shata Traders",
        "cat": "Wholesale grocer",
        "g": "warehouse",
        "addr": "10227 Avenue D",
        "score": 4.2
      }
    },
    {
      "type": "Feature",
      "geometry": {
        "type": "Point",
        "coordinates": [
          -73.8892387,
          40.6771392
        ]
      },
      "properties": {
        "name": "Atlantic Beverages Corporation",
        "cat": "Beer distributor",
        "g": "warehouse",
        "addr": "2845 Atlantic Ave",
        "score": 4.4
      }
    },
    {
      "type": "Feature",
      "geometry": {
        "type": "Point",
        "coordinates": [
          -73.9390449,
          40.7408989
        ]
      },
      "properties": {
        "name": "Hunters Point Recycling",
        "cat": "Recycling center",
        "g": "dump",
        "addr": "29-55 Hunters Point Ave",
        "score": 4.9
      }
    },
    {
      "type": "Feature",
      "geometry": {
        "type": "Point",
        "coordinates": [
          -73.933868,
          40.717001
        ]
      },
      "properties": {
        "name": "Cooper Tank Recycling",
        "cat": "Recycling center",
        "g": "dump",
        "addr": "222 Maspeth Ave",
        "score": 4.2
      }
    },
    {
      "type": "Feature",
      "geometry": {
        "type": "Point",
        "coordinates": [
          -73.92805,
          40.710805
        ]
      },
      "properties": {
        "name": "Hi-Tech Resource Recovery Inc.",
        "cat": "Recycling center",
        "g": "dump",
        "addr": "130 Varick Ave",
        "score": 4.9
      }
    },
    {
      "type": "Feature",
      "geometry": {
        "type": "Point",
        "coordinates": [
          -73.933003,
          40.725769
        ]
      },
      "properties": {
        "name": "Brooklyn Processing II Inc",
        "cat": "Recycling center",
        "g": "dump",
        "addr": "538 Stewart Ave",
        "score": 5
      }
    },
    {
      "type": "Feature",
      "geometry": {
        "type": "Point",
        "coordinates": [
          -73.923319,
          40.721562
        ]
      },
      "properties": {
        "name": "Maspeth Recycling Inc",
        "cat": "Waste management service",
        "g": "dump",
        "addr": "58-08 48th St",
        "score": 4.5
      }
    },
    {
      "type": "Feature",
      "geometry": {
        "type": "Point",
        "coordinates": [
          -73.9703,
          40.7328676
        ]
      },
      "properties": {
        "name": "1-800-GOT-JUNK? Brooklyn/Queens",
        "cat": "Waste management service",
        "g": "dump",
        "addr": "",
        "score": 5
      }
    },
    {
      "type": "Feature",
      "geometry": {
        "type": "Point",
        "coordinates": [
          -73.9379806,
          40.7226497
        ]
      },
      "properties": {
        "name": "YG Eco Metal Inc",
        "cat": "Recycling center",
        "g": "dump",
        "addr": "77C Lombardy St",
        "score": 4.6
      }
    },
    {
      "type": "Feature",
      "geometry": {
        "type": "Point",
        "coordinates": [
          -73.921575,
          40.71807
        ]
      },
      "properties": {
        "name": "COGENT RECYCLING LLC",
        "cat": "Recycling center",
        "g": "dump",
        "addr": "58-35 47th St",
        "score": 5
      }
    },
    {
      "type": "Feature",
      "geometry": {
        "type": "Point",
        "coordinates": [
          -73.9285882,
          40.712114
        ]
      },
      "properties": {
        "name": "Republic Services - Brooklyn",
        "cat": "Waste management service",
        "g": "dump",
        "addr": "180 Varick Ave",
        "score": 2.2
      }
    },
    {
      "type": "Feature",
      "geometry": {
        "type": "Point",
        "coordinates": [
          -73.9008596,
          40.6944965
        ]
      },
      "properties": {
        "name": "Fresh Cans LLC",
        "cat": "Waste management service",
        "g": "dump",
        "addr": "16-23 Cody Ave",
        "score": 5
      }
    },
    {
      "type": "Feature",
      "geometry": {
        "type": "Point",
        "coordinates": [
          -73.9269424,
          40.6789557
        ]
      },
      "properties": {
        "name": "Dumper Taxi",
        "cat": "Waste management service",
        "g": "dump",
        "addr": "1822 Fulton St",
        "score": 5
      }
    },
    {
      "type": "Feature",
      "geometry": {
        "type": "Point",
        "coordinates": [
          -73.9108828,
          40.6729531
        ]
      },
      "properties": {
        "name": "Max Service nyc",
        "cat": "Waste management service",
        "g": "dump",
        "addr": "1688 St Marks Ave #101",
        "score": 5
      }
    },
    {
      "type": "Feature",
      "geometry": {
        "type": "Point",
        "coordinates": [
          -73.7874845,
          40.6990957
        ]
      },
      "properties": {
        "name": "City Waste Services",
        "cat": "Garbage collection service",
        "g": "dump",
        "addr": "107-41 Merrick Blvd",
        "score": 1
      }
    },
    {
      "type": "Feature",
      "geometry": {
        "type": "Point",
        "coordinates": [
          -73.8047906,
          40.6955926
        ]
      },
      "properties": {
        "name": "Cleanco Cleanout Service",
        "cat": "Junk removal service",
        "g": "dump",
        "addr": "146-44 Liberty Ave Suite A",
        "score": 4.9
      }
    },
    {
      "type": "Feature",
      "geometry": {
        "type": "Point",
        "coordinates": [
          -73.7615067,
          40.6935338
        ]
      },
      "properties": {
        "name": "Easy Dumps Junk Removal",
        "cat": "Garbage collection service",
        "g": "dump",
        "addr": "189-24 116th Ave",
        "score": null
      }
    },
    {
      "type": "Feature",
      "geometry": {
        "type": "Point",
        "coordinates": [
          -73.803755,
          40.700021
        ]
      },
      "properties": {
        "name": "Liberty Ashes, Inc.",
        "cat": "Garbage collection service",
        "g": "dump",
        "addr": "94-02 150th St",
        "score": 2.8
      }
    },
    {
      "type": "Feature",
      "geometry": {
        "type": "Point",
        "coordinates": [
          -73.8874113,
          40.8553207
        ]
      },
      "properties": {
        "name": "Casa Della Mozzarella",
        "cat": "Deli",
        "g": "bodega",
        "addr": "604 E 187th St",
        "score": 4.8
      }
    },
    {
      "type": "Feature",
      "geometry": {
        "type": "Point",
        "coordinates": [
          -73.9102355,
          40.8859076
        ]
      },
      "properties": {
        "name": "Johnson deli",
        "cat": "Deli",
        "g": "bodega",
        "addr": "561 W 235th St",
        "score": 4.6
      }
    },
    {
      "type": "Feature",
      "geometry": {
        "type": "Point",
        "coordinates": [
          -73.8744846,
          40.8793346
        ]
      },
      "properties": {
        "name": "Izzy Grocery",
        "cat": "Grocery store",
        "g": "bodega",
        "addr": "291 E Gun Hill Rd",
        "score": 4.8
      }
    },
    {
      "type": "Feature",
      "geometry": {
        "type": "Point",
        "coordinates": [
          -73.9200773,
          40.8655952
        ]
      },
      "properties": {
        "name": "Chop Cheese Deli 3",
        "cat": "Deli",
        "g": "bodega",
        "addr": "542 W 207th St",
        "score": 2.9
      }
    },
    {
      "type": "Feature",
      "geometry": {
        "type": "Point",
        "coordinates": [
          -73.9376813,
          40.7260734
        ]
      },
      "properties": {
        "name": "Gaia Produce",
        "cat": "Distribution service",
        "g": "warehouse",
        "addr": "310 Nassau Ave #302",
        "score": 4
      }
    },
    {
      "type": "Feature",
      "geometry": {
        "type": "Point",
        "coordinates": [
          -73.9287245,
          40.7151881
        ]
      },
      "properties": {
        "name": "Hong Thai Foods Corp.",
        "cat": "Food products supplier",
        "g": "warehouse",
        "addr": "1181 Grand St",
        "score": 3.7
      }
    },
    {
      "type": "Feature",
      "geometry": {
        "type": "Point",
        "coordinates": [
          -73.934075,
          40.715275
        ]
      },
      "properties": {
        "name": "United Food of Asia, Ltd.",
        "cat": "Food products supplier",
        "g": "warehouse",
        "addr": "287 Vandervoort Ave",
        "score": 5
      }
    },
    {
      "type": "Feature",
      "geometry": {
        "type": "Point",
        "coordinates": [
          -73.8726421,
          40.7086098
        ]
      },
      "properties": {
        "name": "Gold Coast Distributors Ltd",
        "cat": "Distribution service",
        "g": "warehouse",
        "addr": "79-11 69th Dr",
        "score": 5
      }
    },
    {
      "type": "Feature",
      "geometry": {
        "type": "Point",
        "coordinates": [
          -73.9203229,
          40.7124858
        ]
      },
      "properties": {
        "name": "Frito-Lay Queens DC",
        "cat": "Food products supplier",
        "g": "warehouse",
        "addr": "18-67 Flushing Ave",
        "score": 3.9
      }
    },
    {
      "type": "Feature",
      "geometry": {
        "type": "Point",
        "coordinates": [
          -73.8756741,
          40.7464065
        ]
      },
      "properties": {
        "name": "Frozen Chicken For Sale Supplier",
        "cat": "Food products supplier",
        "g": "warehouse",
        "addr": "90-31 Whitney Ave #4b",
        "score": 5
      }
    },
    {
      "type": "Feature",
      "geometry": {
        "type": "Point",
        "coordinates": [
          -73.916822,
          40.714911
        ]
      },
      "properties": {
        "name": "Rite Way Wholesale Inc.",
        "cat": "Wholesaler",
        "g": "warehouse",
        "addr": "48-25 Metropolitan Ave",
        "score": 3.9
      }
    },
    {
      "type": "Feature",
      "geometry": {
        "type": "Point",
        "coordinates": [
          -73.915069,
          40.725912
        ]
      },
      "properties": {
        "name": "East Asia Food and Trading",
        "cat": "Wholesale grocer",
        "g": "warehouse",
        "addr": "56-02 56th St",
        "score": null
      }
    },
    {
      "type": "Feature",
      "geometry": {
        "type": "Point",
        "coordinates": [
          -73.8663867,
          40.746353
        ]
      },
      "properties": {
        "name": "Abarrotera Central",
        "cat": "Wholesale grocer",
        "g": "warehouse",
        "addr": "97-03 43rd Ave",
        "score": 4.3
      }
    },
    {
      "type": "Feature",
      "geometry": {
        "type": "Point",
        "coordinates": [
          -73.9280929,
          40.7044737
        ]
      },
      "properties": {
        "name": "C & P Beer Distributors",
        "cat": "Beer distributor",
        "g": "warehouse",
        "addr": "151 Knickerbocker Ave",
        "score": 3.5
      }
    },
    {
      "type": "Feature",
      "geometry": {
        "type": "Point",
        "coordinates": [
          -73.915056,
          40.726174
        ]
      },
      "properties": {
        "name": "Raja Foods",
        "cat": "Food products supplier",
        "g": "warehouse",
        "addr": "55-78 56th St",
        "score": 4.3
      }
    },
    {
      "type": "Feature",
      "geometry": {
        "type": "Point",
        "coordinates": [
          -73.920014,
          40.723438
        ]
      },
      "properties": {
        "name": "Way Fong LLC 唯豐",
        "cat": "Wholesaler",
        "g": "warehouse",
        "addr": "57-29 49th St",
        "score": 3
      }
    },
    {
      "type": "Feature",
      "geometry": {
        "type": "Point",
        "coordinates": [
          -73.9392213,
          40.7219632
        ]
      },
      "properties": {
        "name": "Beverage World",
        "cat": "Beverage distributor",
        "g": "warehouse",
        "addr": "40 Lombardy St",
        "score": 4.1
      }
    },
    {
      "type": "Feature",
      "geometry": {
        "type": "Point",
        "coordinates": [
          -73.9151802,
          40.7226462
        ]
      },
      "properties": {
        "name": "JBD",
        "cat": "Beverage distributor",
        "g": "warehouse",
        "addr": "56-01 Maspeth Ave",
        "score": null
      }
    },
    {
      "type": "Feature",
      "geometry": {
        "type": "Point",
        "coordinates": [
          -73.950406,
          40.7307837
        ]
      },
      "properties": {
        "name": "Big Blue Beer Distributors & Retailers",
        "cat": "Beer distributor",
        "g": "warehouse",
        "addr": "223 Greenpoint Ave",
        "score": 4.4
      }
    },
    {
      "type": "Feature",
      "geometry": {
        "type": "Point",
        "coordinates": [
          -73.8746127,
          40.6636283
        ]
      },
      "properties": {
        "name": "Action Environmental Services",
        "cat": "Waste management service",
        "g": "dump",
        "addr": "941 Stanley Ave",
        "score": 4
      }
    },
    {
      "type": "Feature",
      "geometry": {
        "type": "Point",
        "coordinates": [
          -73.7656091,
          40.7169656
        ]
      },
      "properties": {
        "name": "Queens Junk Removal | NYC Strong",
        "cat": "Waste management service",
        "g": "dump",
        "addr": "88-29 196th St",
        "score": 5
      }
    },
    {
      "type": "Feature",
      "geometry": {
        "type": "Point",
        "coordinates": [
          -73.8579249,
          40.7164725
        ]
      },
      "properties": {
        "name": "The Compost Collective",
        "cat": "Waste management service",
        "g": "dump",
        "addr": "Kessel St &, Yellowstone Blvd",
        "score": 4.4
      }
    },
    {
      "type": "Feature",
      "geometry": {
        "type": "Point",
        "coordinates": [
          -73.8016578,
          40.6975985
        ]
      },
      "properties": {
        "name": "Cinelli Carting Co. Inc",
        "cat": "Garbage collection service",
        "g": "dump",
        "addr": "150-11 Guinzburg Rd",
        "score": 3.8
      }
    },
    {
      "type": "Feature",
      "geometry": {
        "type": "Point",
        "coordinates": [
          -73.8216953,
          40.6807583
        ]
      },
      "properties": {
        "name": "Junky Monkey Garbage Removal and Demolition",
        "cat": "Garbage collection service",
        "g": "dump",
        "addr": "109-54 Lefferts Blvd",
        "score": 5
      }
    },
    {
      "type": "Feature",
      "geometry": {
        "type": "Point",
        "coordinates": [
          -73.743389,
          40.7026765
        ]
      },
      "properties": {
        "name": "The Junk Pros",
        "cat": "Waste management service",
        "g": "dump",
        "addr": "114-09 Colfax St",
        "score": 4.8
      }
    },
    {
      "type": "Feature",
      "geometry": {
        "type": "Point",
        "coordinates": [
          -73.9262619,
          40.7092475
        ]
      },
      "properties": {
        "name": "Brooklyn Sanitation Department",
        "cat": "Sanitation service",
        "g": "dump",
        "addr": "525 Johnson Ave",
        "score": 3.8
      }
    },
    {
      "type": "Feature",
      "geometry": {
        "type": "Point",
        "coordinates": [
          -73.801721,
          40.695884
        ]
      },
      "properties": {
        "name": "Cleanout Express - Junk Removal Queens",
        "cat": "Junk removal service",
        "g": "dump",
        "addr": "106-04 150th St",
        "score": 4.9
      }
    },
    {
      "type": "Feature",
      "geometry": {
        "type": "Point",
        "coordinates": [
          -73.8923912,
          40.7016754
        ]
      },
      "properties": {
        "name": "Triboro",
        "cat": "Recycling center",
        "g": "dump",
        "addr": "71-09 Cypress Hills St",
        "score": null
      }
    },
    {
      "type": "Feature",
      "geometry": {
        "type": "Point",
        "coordinates": [
          -73.8323392,
          40.7451625
        ]
      },
      "properties": {
        "name": "The Junkluggers of Queens",
        "cat": "Waste management service",
        "g": "dump",
        "addr": "",
        "score": 4.9
      }
    },
    {
      "type": "Feature",
      "geometry": {
        "type": "Point",
        "coordinates": [
          -73.792252,
          40.703172
        ]
      },
      "properties": {
        "name": "Liberty Ashes & Rubbish Co",
        "cat": "Garbage collection service",
        "g": "dump",
        "addr": "94-24 Merrick Blvd",
        "score": null
      }
    },
    {
      "type": "Feature",
      "geometry": {
        "type": "Point",
        "coordinates": [
          -73.8941826,
          40.6560039
        ]
      },
      "properties": {
        "name": "D.B. Container Service",
        "cat": "Waste management service",
        "g": "dump",
        "addr": "129 Louisiana Ave",
        "score": 4.8
      }
    },
    {
      "type": "Feature",
      "geometry": {
        "type": "Point",
        "coordinates": [
          -73.8491049,
          40.661323
        ]
      },
      "properties": {
        "name": "In & Out Junk Removal",
        "cat": "Garbage collection service",
        "g": "dump",
        "addr": "84th St",
        "score": 3
      }
    },
    {
      "type": "Feature",
      "geometry": {
        "type": "Point",
        "coordinates": [
          -73.8642149,
          40.6657273
        ]
      },
      "properties": {
        "name": "Abbey Prince of Africa",
        "cat": "Garbage collection service",
        "g": "dump",
        "addr": "1226 Stanley Ave",
        "score": null
      }
    },
    {
      "type": "Feature",
      "geometry": {
        "type": "Point",
        "coordinates": [
          -73.9364593,
          40.849272
        ]
      },
      "properties": {
        "name": "Chop Cheese Deli",
        "cat": "Deli",
        "g": "bodega",
        "addr": "4234 Broadway",
        "score": 4.1
      }
    },
    {
      "type": "Feature",
      "geometry": {
        "type": "Point",
        "coordinates": [
          -73.9334761,
          40.854241
        ]
      },
      "properties": {
        "name": "SANTIAGO 2 ORGANIC & DELI",
        "cat": "Deli",
        "g": "bodega",
        "addr": "4380 Broadway",
        "score": 4.5
      }
    },
    {
      "type": "Feature",
      "geometry": {
        "type": "Point",
        "coordinates": [
          -73.9127337,
          40.7218329
        ]
      },
      "properties": {
        "name": "KBF INC",
        "cat": "Wholesale grocer",
        "g": "warehouse",
        "addr": "57-27 57th Dr",
        "score": 1
      }
    },
    {
      "type": "Feature",
      "geometry": {
        "type": "Point",
        "coordinates": [
          -73.9477614,
          40.7070178
        ]
      },
      "properties": {
        "name": "Cheung's Meat Wholesale Inc",
        "cat": "Meat wholesaler",
        "g": "warehouse",
        "addr": "57 Montrose Ave",
        "score": 5
      }
    },
    {
      "type": "Feature",
      "geometry": {
        "type": "Point",
        "coordinates": [
          -73.767417,
          40.659231
        ]
      },
      "properties": {
        "name": "Peters Wholesale Meat",
        "cat": "Meat wholesaler",
        "g": "warehouse",
        "addr": "148-09 Guy R Brewer Blvd",
        "score": 5
      }
    },
    {
      "type": "Feature",
      "geometry": {
        "type": "Point",
        "coordinates": [
          -73.8565125,
          40.7416367
        ]
      },
      "properties": {
        "name": "Fant Corporation",
        "cat": "Beer distributor",
        "g": "warehouse",
        "addr": "104-06 53rd Ave",
        "score": 4.5
      }
    },
    {
      "type": "Feature",
      "geometry": {
        "type": "Point",
        "coordinates": [
          -73.920202,
          40.722585
        ]
      },
      "properties": {
        "name": "Bawarchi Foods",
        "cat": "Food products supplier",
        "g": "warehouse",
        "addr": "48-80 Maspeth Ave",
        "score": 5
      }
    },
    {
      "type": "Feature",
      "geometry": {
        "type": "Point",
        "coordinates": [
          -73.932074,
          40.7039809
        ]
      },
      "properties": {
        "name": "Boar's Head Brand",
        "cat": "Food products supplier",
        "g": "warehouse",
        "addr": "24 Rock St",
        "score": 4.5
      }
    },
    {
      "type": "Feature",
      "geometry": {
        "type": "Point",
        "coordinates": [
          -73.92179,
          40.7111826
        ]
      },
      "properties": {
        "name": "Super Win Enterprises Corporation",
        "cat": "Distribution service",
        "g": "warehouse",
        "addr": "1819 Flushing Ave #3",
        "score": 4.4
      }
    },
    {
      "type": "Feature",
      "geometry": {
        "type": "Point",
        "coordinates": [
          -73.9135312,
          40.6563695
        ]
      },
      "properties": {
        "name": "Quest International Distributor LLC",
        "cat": "Grocery store",
        "g": "bodega",
        "addr": "504 E 98th St",
        "score": 5
      }
    },
    {
      "type": "Feature",
      "geometry": {
        "type": "Point",
        "coordinates": [
          -73.9138904,
          40.706238
        ]
      },
      "properties": {
        "name": "Sieb Distributor",
        "cat": "Beer distributor",
        "g": "warehouse",
        "addr": "4-12 Seneca Ave",
        "score": 4.8
      }
    },
    {
      "type": "Feature",
      "geometry": {
        "type": "Point",
        "coordinates": [
          -73.8953423,
          40.7276207
        ]
      },
      "properties": {
        "name": "69th Street Beer Distributor",
        "cat": "Beer distributor",
        "g": "warehouse",
        "addr": "55-07 69th St",
        "score": 4.4
      }
    },
    {
      "type": "Feature",
      "geometry": {
        "type": "Point",
        "coordinates": [
          -73.9549852,
          40.7190024
        ]
      },
      "properties": {
        "name": "NCK Distributors Inc",
        "cat": "Wholesale grocer",
        "g": "warehouse",
        "addr": "179 N 10th St",
        "score": null
      }
    },
    {
      "type": "Feature",
      "geometry": {
        "type": "Point",
        "coordinates": [
          -73.9140068,
          40.7187298
        ]
      },
      "properties": {
        "name": "Giant Big Apple Beer",
        "cat": "Beer distributor",
        "g": "warehouse",
        "addr": "55-14 Grand Ave",
        "score": 3.8
      }
    },
    {
      "type": "Feature",
      "geometry": {
        "type": "Point",
        "coordinates": [
          -73.843897,
          40.6873312
        ]
      },
      "properties": {
        "name": "Puerto plata Seafood wholesale",
        "cat": "Seafood wholesaler",
        "g": "warehouse",
        "addr": "98-21 97th Ave",
        "score": 4.7
      }
    },
    {
      "type": "Feature",
      "geometry": {
        "type": "Point",
        "coordinates": [
          -73.9199309,
          40.7074244
        ]
      },
      "properties": {
        "name": "Allsafe Junk Removal",
        "cat": "Garbage collection service",
        "g": "dump",
        "addr": "1393 Willoughby Ave #3E",
        "score": 5
      }
    },
    {
      "type": "Feature",
      "geometry": {
        "type": "Point",
        "coordinates": [
          -73.8504407,
          40.7107327
        ]
      },
      "properties": {
        "name": "Same Day Queens Junk Removal -Friendly, Efficiently & Affordable",
        "cat": "Garbage collection service",
        "g": "dump",
        "addr": "92-12 71st Ave",
        "score": null
      }
    },
    {
      "type": "Feature",
      "geometry": {
        "type": "Point",
        "coordinates": [
          -73.7999295,
          40.7232876
        ]
      },
      "properties": {
        "name": "Garbage Removal Company -Queens",
        "cat": "Waste management service",
        "g": "dump",
        "addr": "168-09 Union Tpke",
        "score": 5
      }
    },
    {
      "type": "Feature",
      "geometry": {
        "type": "Point",
        "coordinates": [
          -73.9191093,
          40.7422389
        ]
      },
      "properties": {
        "name": "Garbage Collection Service Sunnyside",
        "cat": "Garbage collection service",
        "g": "dump",
        "addr": "45-19 Greenpoint Ave",
        "score": 4.5
      }
    },
    {
      "type": "Feature",
      "geometry": {
        "type": "Point",
        "coordinates": [
          -73.871224,
          40.649112
        ]
      },
      "properties": {
        "name": "WM - Long Island City, NY",
        "cat": "Garbage collection service",
        "g": "dump",
        "addr": "",
        "score": 3.7
      }
    },
    {
      "type": "Feature",
      "geometry": {
        "type": "Point",
        "coordinates": [
          -73.7923239,
          40.7027345
        ]
      },
      "properties": {
        "name": "Jamaica Recycle Corporation",
        "cat": "Recycling center",
        "g": "dump",
        "addr": "94-29 165th St",
        "score": 5
      }
    },
    {
      "type": "Feature",
      "geometry": {
        "type": "Point",
        "coordinates": [
          -73.9234014,
          40.8671105
        ]
      },
      "properties": {
        "name": "Inwood Chopcheese",
        "cat": "Deli",
        "g": "bodega",
        "addr": "4879 Broadway",
        "score": 4.6
      }
    },
    {
      "type": "Feature",
      "geometry": {
        "type": "Point",
        "coordinates": [
          -73.931848,
          40.8576919
        ]
      },
      "properties": {
        "name": "Shop Fair of Fort George",
        "cat": "Supermarket",
        "g": "bodega",
        "addr": "4490 Broadway",
        "score": 3.9
      }
    },
    {
      "type": "Feature",
      "geometry": {
        "type": "Point",
        "coordinates": [
          -73.8794357,
          40.6614069
        ]
      },
      "properties": {
        "name": "East New York Dumps",
        "cat": "Dumpster rental service",
        "g": "dump",
        "addr": "803 Stanley Ave",
        "score": 5
      }
    },
    {
      "type": "Feature",
      "geometry": {
        "type": "Point",
        "coordinates": [
          -73.8657615,
          40.7036855
        ]
      },
      "properties": {
        "name": "123 Dump Junkie",
        "cat": "Junk removal service",
        "g": "dump",
        "addr": "",
        "score": 5
      }
    },
    {
      "type": "Feature",
      "geometry": {
        "type": "Point",
        "coordinates": [
          -73.8952937,
          40.7371375
        ]
      },
      "properties": {
        "name": "Bee-Line Beer Beverage Inc",
        "cat": "Beer distributor",
        "g": "warehouse",
        "addr": "69-15 50th Ave",
        "score": 4.1
      }
    },
    {
      "type": "Feature",
      "geometry": {
        "type": "Point",
        "coordinates": [
          -73.7746569,
          40.703994
        ]
      },
      "properties": {
        "name": "Dinas Corp...",
        "cat": "Distribution service",
        "g": "warehouse",
        "addr": "104-46 Dunkirk St",
        "score": 4.2
      }
    },
    {
      "type": "Feature",
      "geometry": {
        "type": "Point",
        "coordinates": [
          -73.8405693,
          40.6826346
        ]
      },
      "properties": {
        "name": "Bugzy Beverage Distributor & Recycling Queens NY",
        "cat": "Beer distributor",
        "g": "warehouse",
        "addr": "103-27 100th St",
        "score": 4.8
      }
    },
    {
      "type": "Feature",
      "geometry": {
        "type": "Point",
        "coordinates": [
          -73.919972,
          40.722638
        ]
      },
      "properties": {
        "name": "Bawarchi Cash and Carry Inc",
        "cat": "Grocery store",
        "g": "bodega",
        "addr": "48-84 Maspeth Ave",
        "score": 4.4
      }
    },
    {
      "type": "Feature",
      "geometry": {
        "type": "Point",
        "coordinates": [
          -73.9590366,
          40.6977148
        ]
      },
      "properties": {
        "name": "W&T Seafood (旺通海鲜公司)",
        "cat": "Seafood wholesaler",
        "g": "warehouse",
        "addr": "50 Franklin Ave",
        "score": 4.8
      }
    },
    {
      "type": "Feature",
      "geometry": {
        "type": "Point",
        "coordinates": [
          -73.9304876,
          40.6508187
        ]
      },
      "properties": {
        "name": "Utica Meat Warehouse",
        "cat": "Meat wholesaler",
        "g": "warehouse",
        "addr": "910 Utica Ave",
        "score": 4.3
      }
    },
    {
      "type": "Feature",
      "geometry": {
        "type": "Point",
        "coordinates": [
          -73.9338302,
          40.7277603
        ]
      },
      "properties": {
        "name": "Empire Merchants",
        "cat": "Distribution service",
        "g": "warehouse",
        "addr": "16 Bridgewater St",
        "score": 3.2
      }
    },
    {
      "type": "Feature",
      "geometry": {
        "type": "Point",
        "coordinates": [
          -73.9261181,
          40.7131926
        ]
      },
      "properties": {
        "name": "SKI Beer Corporation",
        "cat": "Beer distributor",
        "g": "warehouse",
        "addr": "169 Gardner Ave",
        "score": 4
      }
    },
    {
      "type": "Feature",
      "geometry": {
        "type": "Point",
        "coordinates": [
          -73.727019,
          40.723826
        ]
      },
      "properties": {
        "name": "Bellerose Beverage",
        "cat": "Beer distributor",
        "g": "warehouse",
        "addr": "240-09 Jamaica Ave",
        "score": 4.2
      }
    },
    {
      "type": "Feature",
      "geometry": {
        "type": "Point",
        "coordinates": [
          -73.921463,
          40.7220458
        ]
      },
      "properties": {
        "name": "Big Geyser Inc",
        "cat": "Beverage distributor",
        "g": "warehouse",
        "addr": "57-65 48th St",
        "score": 4.1
      }
    },
    {
      "type": "Feature",
      "geometry": {
        "type": "Point",
        "coordinates": [
          -73.8871023,
          40.8557948
        ]
      },
      "properties": {
        "name": "Tino's Delicatessen",
        "cat": "Deli",
        "g": "bodega",
        "addr": "2410 Arthur Ave",
        "score": 4.5
      }
    },
    {
      "type": "Feature",
      "geometry": {
        "type": "Point",
        "coordinates": [
          -73.9033864,
          40.870026
        ]
      },
      "properties": {
        "name": "Sedgwick Deli Grocery",
        "cat": "Grocery store",
        "g": "bodega",
        "addr": "2701 Sedgwick Ave",
        "score": 3.9
      }
    },
    {
      "type": "Feature",
      "geometry": {
        "type": "Point",
        "coordinates": [
          -73.898006,
          40.9053345
        ]
      },
      "properties": {
        "name": "Tierney Fine Foods Inc",
        "cat": "Deli",
        "g": "bodega",
        "addr": "5780 Mosholu Ave",
        "score": 4.4
      }
    },
    {
      "type": "Feature",
      "geometry": {
        "type": "Point",
        "coordinates": [
          -73.8659762,
          40.8594776
        ]
      },
      "properties": {
        "name": "Astor Deli & Grocery Inc",
        "cat": "Deli",
        "g": "bodega",
        "addr": "740 Astor Ave",
        "score": 4.6
      }
    },
    {
      "type": "Feature",
      "geometry": {
        "type": "Point",
        "coordinates": [
          -73.9051672,
          40.8872056
        ]
      },
      "properties": {
        "name": "New Riverdale Gourmet Deli",
        "cat": "Deli",
        "g": "bodega",
        "addr": "452 W 238th St",
        "score": 4.1
      }
    },
    {
      "type": "Feature",
      "geometry": {
        "type": "Point",
        "coordinates": [
          -73.8627664,
          40.883267
        ]
      },
      "properties": {
        "name": "Empire Gourmet Deli",
        "cat": "Deli",
        "g": "bodega",
        "addr": "3764 White Plains Rd",
        "score": 4.4
      }
    },
    {
      "type": "Feature",
      "geometry": {
        "type": "Point",
        "coordinates": [
          -73.9095799,
          40.8750632
        ]
      },
      "properties": {
        "name": "Broadway Deli",
        "cat": "Deli",
        "g": "bodega",
        "addr": "5219 Broadway",
        "score": 4.1
      }
    },
    {
      "type": "Feature",
      "geometry": {
        "type": "Point",
        "coordinates": [
          -73.8731365,
          40.7101915
        ]
      },
      "properties": {
        "name": "Steve’s Deli",
        "cat": "Deli",
        "g": "bodega",
        "addr": "68-33 79th St",
        "score": 4.8
      }
    },
    {
      "type": "Feature",
      "geometry": {
        "type": "Point",
        "coordinates": [
          -73.8408648,
          40.718418
        ]
      },
      "properties": {
        "name": "SS Natural Market",
        "cat": "Grocery store",
        "g": "bodega",
        "addr": "72-56 Austin St",
        "score": 4.2
      }
    },
    {
      "type": "Feature",
      "geometry": {
        "type": "Point",
        "coordinates": [
          -73.91006,
          40.68288
        ]
      },
      "properties": {
        "name": "Chauncey Deli",
        "cat": "Deli",
        "g": "bodega",
        "addr": "1763 Broadway",
        "score": 4.7
      }
    },
    {
      "type": "Feature",
      "geometry": {
        "type": "Point",
        "coordinates": [
          -73.9498761,
          40.6509781
        ]
      },
      "properties": {
        "name": "Chopped cheese",
        "cat": "Deli",
        "g": "bodega",
        "addr": "2847 Church Ave",
        "score": 3.8
      }
    },
    {
      "type": "Feature",
      "geometry": {
        "type": "Point",
        "coordinates": [
          -73.800797,
          40.79457
        ]
      },
      "properties": {
        "name": "Stars exterminator inc",
        "cat": "Pest control service",
        "g": "exterminator",
        "addr": "160-15 Powells Cove Blvd",
        "score": 5
      }
    },
    {
      "type": "Feature",
      "geometry": {
        "type": "Point",
        "coordinates": [
          -73.9134807,
          40.766128
        ]
      },
      "properties": {
        "name": "Standard Pest Management",
        "cat": "Pest control service",
        "g": "exterminator",
        "addr": "25-80 Steinway St",
        "score": 4.9
      }
    },
    {
      "type": "Feature",
      "geometry": {
        "type": "Point",
        "coordinates": [
          -73.8343957,
          40.8383096
        ]
      },
      "properties": {
        "name": "Dependable Exterminating Co., Inc.",
        "cat": "Pest control service",
        "g": "exterminator",
        "addr": "2812 Coddington Ave",
        "score": 4.9
      }
    },
    {
      "type": "Feature",
      "geometry": {
        "type": "Point",
        "coordinates": [
          -73.8364846,
          40.7705383
        ]
      },
      "properties": {
        "name": "Magic Exterminating",
        "cat": "Pest control service",
        "g": "exterminator",
        "addr": "30-50 Whitestone Expy Suite 303",
        "score": 4.7
      }
    },
    {
      "type": "Feature",
      "geometry": {
        "type": "Point",
        "coordinates": [
          -73.8532203,
          40.8338086
        ]
      },
      "properties": {
        "name": "Alto Exterminating Service Inc.",
        "cat": "Pest control service",
        "g": "exterminator",
        "addr": "2136 Westchester Ave",
        "score": 5
      }
    },
    {
      "type": "Feature",
      "geometry": {
        "type": "Point",
        "coordinates": [
          -73.9041628,
          40.7622222
        ]
      },
      "properties": {
        "name": "Rat Control of New York",
        "cat": "Pest control service",
        "g": "exterminator",
        "addr": "25-66 Borough Pl",
        "score": 5
      }
    },
    {
      "type": "Feature",
      "geometry": {
        "type": "Point",
        "coordinates": [
          -73.8103755,
          40.8173468
        ]
      },
      "properties": {
        "name": "Ecofriendly USA Pest Control Inc.",
        "cat": "Pest control service",
        "g": "exterminator",
        "addr": "Meagher Ave",
        "score": 4.9
      }
    },
    {
      "type": "Feature",
      "geometry": {
        "type": "Point",
        "coordinates": [
          -73.7839382,
          40.8456901
        ]
      },
      "properties": {
        "name": "A and E Safeway Systems Pest Control Inc.",
        "cat": "Pest control service",
        "g": "exterminator",
        "addr": "189 Schofield St",
        "score": 4.9
      }
    },
    {
      "type": "Feature",
      "geometry": {
        "type": "Point",
        "coordinates": [
          -73.9102109,
          40.8014813
        ]
      },
      "properties": {
        "name": "Ehrlich Pest Control",
        "cat": "Pest control service",
        "g": "exterminator",
        "addr": "175 Walnut Ave",
        "score": 3.9
      }
    },
    {
      "type": "Feature",
      "geometry": {
        "type": "Point",
        "coordinates": [
          -73.9087996,
          40.7629181
        ]
      },
      "properties": {
        "name": "Koch Pest Control",
        "cat": "Pest control service",
        "g": "exterminator",
        "addr": "46-06 28th Ave",
        "score": 4.9
      }
    },
    {
      "type": "Feature",
      "geometry": {
        "type": "Point",
        "coordinates": [
          -73.8640541,
          40.848142
        ]
      },
      "properties": {
        "name": "Best Pest Control Corp",
        "cat": "Pest control service",
        "g": "exterminator",
        "addr": "1900 Wallace Ave",
        "score": 5
      }
    },
    {
      "type": "Feature",
      "geometry": {
        "type": "Point",
        "coordinates": [
          -73.920503,
          40.770893
        ]
      },
      "properties": {
        "name": "Beyond Pest Control",
        "cat": "Pest control service",
        "g": "exterminator",
        "addr": "28-05 Astoria Blvd",
        "score": 4.8
      }
    },
    {
      "type": "Feature",
      "geometry": {
        "type": "Point",
        "coordinates": [
          -73.7895779,
          40.7665713
        ]
      },
      "properties": {
        "name": "Pride Pest Control",
        "cat": "Pest control service",
        "g": "exterminator",
        "addr": "33-39 Francis Lewis Blvd",
        "score": 5
      }
    },
    {
      "type": "Feature",
      "geometry": {
        "type": "Point",
        "coordinates": [
          -73.8947175,
          40.7724796
        ]
      },
      "properties": {
        "name": "Eudaimonia Pest Control",
        "cat": "Pest control service",
        "g": "exterminator",
        "addr": "19-64 Hazen St",
        "score": 4.7
      }
    },
    {
      "type": "Feature",
      "geometry": {
        "type": "Point",
        "coordinates": [
          -73.8040318,
          40.7579384
        ]
      },
      "properties": {
        "name": "John J. McCann Exterminating Company",
        "cat": "Pest control service",
        "g": "exterminator",
        "addr": "43-25 162nd St",
        "score": 4.9
      }
    },
    {
      "type": "Feature",
      "geometry": {
        "type": "Point",
        "coordinates": [
          -73.85758,
          40.849576
        ]
      },
      "properties": {
        "name": "Parkchester Exterminators",
        "cat": "Pest control service",
        "g": "exterminator",
        "addr": "1857 Colden Ave",
        "score": 3.7
      }
    },
    {
      "type": "Feature",
      "geometry": {
        "type": "Point",
        "coordinates": [
          -73.9161815,
          40.7704676
        ]
      },
      "properties": {
        "name": "800-Raccoon Pest & Wildlife Control",
        "cat": "Pest control service",
        "g": "exterminator",
        "addr": "32-07 Astoria Blvd N",
        "score": 5
      }
    },
    {
      "type": "Feature",
      "geometry": {
        "type": "Point",
        "coordinates": [
          -73.9103571,
          40.7686518
        ]
      },
      "properties": {
        "name": "The Rat Patrol of New York, Inc.",
        "cat": "Pest control service",
        "g": "exterminator",
        "addr": "2077R, Steinway St",
        "score": 5
      }
    },
    {
      "type": "Feature",
      "geometry": {
        "type": "Point",
        "coordinates": [
          -73.9600679,
          40.8010821
        ]
      },
      "properties": {
        "name": "VJ Mice-Roaches-Rats-Bedbugs and Ants",
        "cat": "Pest control service",
        "g": "exterminator",
        "addr": "350 W 110th St",
        "score": 4.9
      }
    },
    {
      "type": "Feature",
      "geometry": {
        "type": "Point",
        "coordinates": [
          -73.9401682,
          40.7873441
        ]
      },
      "properties": {
        "name": "247 Pest Control NYC",
        "cat": "Pest control service",
        "g": "exterminator",
        "addr": "431 E 102nd St",
        "score": 4.7
      }
    },
    {
      "type": "Feature",
      "geometry": {
        "type": "Point",
        "coordinates": [
          -73.950323,
          40.7853528
        ]
      },
      "properties": {
        "name": "Positive Pest Management",
        "cat": "Pest control service",
        "g": "exterminator",
        "addr": "166 E 96th St",
        "score": 4.9
      }
    },
    {
      "type": "Feature",
      "geometry": {
        "type": "Point",
        "coordinates": [
          -73.940139,
          40.838082
        ]
      },
      "properties": {
        "name": "Bug Off Pest Control Center",
        "cat": "Pest control service",
        "g": "exterminator",
        "addr": "1085 St Nicholas Ave",
        "score": 4.8
      }
    },
    {
      "type": "Feature",
      "geometry": {
        "type": "Point",
        "coordinates": [
          -73.934888,
          40.752677
        ]
      },
      "properties": {
        "name": "MMPC Pest Solutions",
        "cat": "Pest control service",
        "g": "exterminator",
        "addr": "39-27 29th St",
        "score": 4.9
      }
    },
    {
      "type": "Feature",
      "geometry": {
        "type": "Point",
        "coordinates": [
          -73.929985,
          40.8231201
        ]
      },
      "properties": {
        "name": "Hi-Level Pest Services",
        "cat": "Pest control service",
        "g": "exterminator",
        "addr": "NYC Terminal Market, 433B",
        "score": 4.9
      }
    },
    {
      "type": "Feature",
      "geometry": {
        "type": "Point",
        "coordinates": [
          -73.9527426,
          40.8013337
        ]
      },
      "properties": {
        "name": "Broadway Pest Services Retail store & Service Center",
        "cat": "Pest control service",
        "g": "exterminator",
        "addr": "69 St Nicholas Ave",
        "score": 5
      }
    },
    {
      "type": "Feature",
      "geometry": {
        "type": "Point",
        "coordinates": [
          -73.9398666,
          40.8212569
        ]
      },
      "properties": {
        "name": "Jove Pest Control | Rat Exterminator",
        "cat": "Pest control service",
        "g": "exterminator",
        "addr": "201 W 144th St",
        "score": 4.7
      }
    },
    {
      "type": "Feature",
      "geometry": {
        "type": "Point",
        "coordinates": [
          -73.9358443,
          40.8227891
        ]
      },
      "properties": {
        "name": "All-City Exterminators",
        "cat": "Pest control service",
        "g": "exterminator",
        "addr": "129 W 147th St #21H",
        "score": 4.9
      }
    },
    {
      "type": "Feature",
      "geometry": {
        "type": "Point",
        "coordinates": [
          -73.9562063,
          40.7666329
        ]
      },
      "properties": {
        "name": "Private Exterminator",
        "cat": "Pest control service",
        "g": "exterminator",
        "addr": "403 E 70th St #7",
        "score": null
      }
    },
    {
      "type": "Feature",
      "geometry": {
        "type": "Point",
        "coordinates": [
          -73.8886804,
          40.827287
        ]
      },
      "properties": {
        "name": "Bronx Bed Bug Guys",
        "cat": "Pest control service",
        "g": "exterminator",
        "addr": "1134 Bryant Ave",
        "score": 5
      }
    },
    {
      "type": "Feature",
      "geometry": {
        "type": "Point",
        "coordinates": [
          -73.9382116,
          40.8386033
        ]
      },
      "properties": {
        "name": "Pest2kill Exterminating",
        "cat": "Pest control service",
        "g": "exterminator",
        "addr": "2134 Amsterdam Ave",
        "score": 5
      }
    },
    {
      "type": "Feature",
      "geometry": {
        "type": "Point",
        "coordinates": [
          -73.935653,
          40.8323357
        ]
      },
      "properties": {
        "name": "Take Over Pest Control Inc",
        "cat": "Pest control service",
        "g": "exterminator",
        "addr": "159-14 Harlem River Dr",
        "score": 5
      }
    },
    {
      "type": "Feature",
      "geometry": {
        "type": "Point",
        "coordinates": [
          -73.9219906,
          40.8169588
        ]
      },
      "properties": {
        "name": "Empire Exterminating, LLC",
        "cat": "Pest control service",
        "g": "exterminator",
        "addr": "288 E 149th St",
        "score": 5
      }
    },
    {
      "type": "Feature",
      "geometry": {
        "type": "Point",
        "coordinates": [
          -73.9207559,
          40.7570485
        ]
      },
      "properties": {
        "name": "Queens Exterminator 24/7 Pest Control",
        "cat": "Pest control service",
        "g": "exterminator",
        "addr": "3284-3294 Steinway St #42",
        "score": 4.8
      }
    },
    {
      "type": "Feature",
      "geometry": {
        "type": "Point",
        "coordinates": [
          -73.9184599,
          40.8398887
        ]
      },
      "properties": {
        "name": "NYC Bedbugs llc",
        "cat": "Pest control service",
        "g": "exterminator",
        "addr": "1431 Inwood Ave",
        "score": 5
      }
    },
    {
      "type": "Feature",
      "geometry": {
        "type": "Point",
        "coordinates": [
          -73.8180702,
          40.7935851
        ]
      },
      "properties": {
        "name": "Lords Pest Control Inc",
        "cat": "Pest control service",
        "g": "exterminator",
        "addr": "7-28 149th St",
        "score": 5
      }
    },
    {
      "type": "Feature",
      "geometry": {
        "type": "Point",
        "coordinates": [
          -73.904728,
          40.770032
        ]
      },
      "properties": {
        "name": "Orkin",
        "cat": "Pest control service",
        "g": "exterminator",
        "addr": "43-32 Ditmars Blvd",
        "score": 4
      }
    },
    {
      "type": "Feature",
      "geometry": {
        "type": "Point",
        "coordinates": [
          -73.9570602,
          40.8012134
        ]
      },
      "properties": {
        "name": "Providence Pest Control Solutions",
        "cat": "Pest control service",
        "g": "exterminator",
        "addr": "2050 Frederick Douglass Blvd Suite #202",
        "score": 5
      }
    },
    {
      "type": "Feature",
      "geometry": {
        "type": "Point",
        "coordinates": [
          -73.8364846,
          40.7705383
        ]
      },
      "properties": {
        "name": "Terminix Commercial",
        "cat": "Pest control service",
        "g": "exterminator",
        "addr": "30-50 Whitestone Expy Suite 303",
        "score": 4
      }
    },
    {
      "type": "Feature",
      "geometry": {
        "type": "Point",
        "coordinates": [
          -73.934888,
          40.752677
        ]
      },
      "properties": {
        "name": "M&M Environmental",
        "cat": "Pest control service",
        "g": "exterminator",
        "addr": "39-27 29th St",
        "score": 3.4
      }
    },
    {
      "type": "Feature",
      "geometry": {
        "type": "Point",
        "coordinates": [
          -73.9034207,
          40.7618718
        ]
      },
      "properties": {
        "name": "Alpha Pest Management",
        "cat": "Pest control service",
        "g": "exterminator",
        "addr": "26-12 Borough Pl",
        "score": 3.7
      }
    },
    {
      "type": "Feature",
      "geometry": {
        "type": "Point",
        "coordinates": [
          -73.9572397,
          40.8156869
        ]
      },
      "properties": {
        "name": "King Bugs Pest Control, Corp.",
        "cat": "Pest control service",
        "g": "exterminator",
        "addr": "550 W 126th St #2",
        "score": 5
      }
    },
    {
      "type": "Feature",
      "geometry": {
        "type": "Point",
        "coordinates": [
          -73.9161114,
          40.7704561
        ]
      },
      "properties": {
        "name": "H2 Environmental Pest Management",
        "cat": "Pest control service",
        "g": "exterminator",
        "addr": "32-07 Astoria Blvd N",
        "score": 3.7
      }
    },
    {
      "type": "Feature",
      "geometry": {
        "type": "Point",
        "coordinates": [
          -73.774951,
          40.7532544
        ]
      },
      "properties": {
        "name": "동광소독 UNITED PEST CONTROL 소독회사",
        "cat": "Pest control service",
        "g": "exterminator",
        "addr": "205-08 48th Ave",
        "score": 5
      }
    },
    {
      "type": "Feature",
      "geometry": {
        "type": "Point",
        "coordinates": [
          -73.8307642,
          40.7614427
        ]
      },
      "properties": {
        "name": "PRO DON PEST MANAGEMENT INC.",
        "cat": "Pest control service",
        "g": "exterminator",
        "addr": "37-07 Main St",
        "score": 4.9
      }
    },
    {
      "type": "Feature",
      "geometry": {
        "type": "Point",
        "coordinates": [
          -73.9499578,
          40.7777222
        ]
      },
      "properties": {
        "name": "The Bed Bug Inspectors",
        "cat": "Pest control service",
        "g": "exterminator",
        "addr": "342 E 87th St",
        "score": null
      }
    },
    {
      "type": "Feature",
      "geometry": {
        "type": "Point",
        "coordinates": [
          -73.9126875,
          40.8200843
        ]
      },
      "properties": {
        "name": "Inspections Bronx",
        "cat": "Pest control service",
        "g": "exterminator",
        "addr": "E 156th St",
        "score": 5
      }
    },
    {
      "type": "Feature",
      "geometry": {
        "type": "Point",
        "coordinates": [
          -73.8371739,
          40.8211618
        ]
      },
      "properties": {
        "name": "Pro Pest Control Throgs Neck",
        "cat": "Pest control service",
        "g": "exterminator",
        "addr": "2465 Senger Pl",
        "score": 5
      }
    },
    {
      "type": "Feature",
      "geometry": {
        "type": "Point",
        "coordinates": [
          -73.8337696,
          40.7646094
        ]
      },
      "properties": {
        "name": "Lyadai INC",
        "cat": "Pest control service",
        "g": "exterminator",
        "addr": "33-70 Prince St #506",
        "score": 4.4
      }
    },
    {
      "type": "Feature",
      "geometry": {
        "type": "Point",
        "coordinates": [
          -73.9326181,
          40.7953338
        ]
      },
      "properties": {
        "name": "GM Pest Control",
        "cat": "Pest control service",
        "g": "exterminator",
        "addr": "310 Pleasant Ave",
        "score": 4.3
      }
    },
    {
      "type": "Feature",
      "geometry": {
        "type": "Point",
        "coordinates": [
          -73.8977001,
          40.8492555
        ]
      },
      "properties": {
        "name": "Safe Kill Exterminating Inc",
        "cat": "Pest control service",
        "g": "exterminator",
        "addr": "1207 1/2 A Mile Avenue 12 A",
        "score": 5
      }
    },
    {
      "type": "Feature",
      "geometry": {
        "type": "Point",
        "coordinates": [
          -73.9363109,
          40.7573444
        ]
      },
      "properties": {
        "name": "Northeastern Exterminating Pest Control",
        "cat": "Pest control service",
        "g": "exterminator",
        "addr": "37-11 23rd St",
        "score": null
      }
    },
    {
      "type": "Feature",
      "geometry": {
        "type": "Point",
        "coordinates": [
          -73.7663528,
          40.7584505
        ]
      },
      "properties": {
        "name": "Warriors Pest Management",
        "cat": "Pest control service",
        "g": "exterminator",
        "addr": "215-14 46th Ave",
        "score": null
      }
    },
    {
      "type": "Feature",
      "geometry": {
        "type": "Point",
        "coordinates": [
          -73.9547643,
          40.7794438
        ]
      },
      "properties": {
        "name": "Pest Headquarters",
        "cat": "Pest control service",
        "g": "exterminator",
        "addr": "157 East 86th St 4th Floor",
        "score": 5
      }
    },
    {
      "type": "Feature",
      "geometry": {
        "type": "Point",
        "coordinates": [
          -73.9187644,
          40.8157939
        ]
      },
      "properties": {
        "name": "At Last Pest Control",
        "cat": "Pest control service",
        "g": "exterminator",
        "addr": "2825 3rd Ave",
        "score": 5
      }
    },
    {
      "type": "Feature",
      "geometry": {
        "type": "Point",
        "coordinates": [
          -73.9499578,
          40.7777222
        ]
      },
      "properties": {
        "name": "Rest Easy Pest Control",
        "cat": "Pest control service",
        "g": "exterminator",
        "addr": "342 E 87th St",
        "score": 4.6
      }
    },
    {
      "type": "Feature",
      "geometry": {
        "type": "Point",
        "coordinates": [
          -73.9831196,
          40.767078
        ]
      },
      "properties": {
        "name": "NYC Extermination",
        "cat": "Pest control service",
        "g": "exterminator",
        "addr": "301 W 57th St APT 12A",
        "score": 5
      }
    },
    {
      "type": "Feature",
      "geometry": {
        "type": "Point",
        "coordinates": [
          -73.9742393,
          40.7605916
        ]
      },
      "properties": {
        "name": "Ace Bedbug Exterminating NYC",
        "cat": "Pest control service",
        "g": "exterminator",
        "addr": "575 5th Ave",
        "score": 5
      }
    },
    {
      "type": "Feature",
      "geometry": {
        "type": "Point",
        "coordinates": [
          -73.965435,
          40.7600265
        ]
      },
      "properties": {
        "name": "Complete Bed Bug Exterminating NYC",
        "cat": "Pest control service",
        "g": "exterminator",
        "addr": "244 E 58th St",
        "score": 5
      }
    },
    {
      "type": "Feature",
      "geometry": {
        "type": "Point",
        "coordinates": [
          -73.9114148,
          40.7979187
        ]
      },
      "properties": {
        "name": "Action Environmental Services",
        "cat": "Waste management service",
        "g": "dump",
        "addr": "920 E 132nd St",
        "score": 4.1
      }
    },
    {
      "type": "Feature",
      "geometry": {
        "type": "Point",
        "coordinates": [
          -73.9205591,
          40.8391308
        ]
      },
      "properties": {
        "name": "Bronx Sanitation Department",
        "cat": "Garbage collection service",
        "g": "dump",
        "addr": "1310 Cromwell Ave",
        "score": 4.2
      }
    },
    {
      "type": "Feature",
      "geometry": {
        "type": "Point",
        "coordinates": [
          -73.9080963,
          40.8018302
        ]
      },
      "properties": {
        "name": "Stericycle - Bronx",
        "cat": "Waste management service",
        "g": "dump",
        "addr": "910 E 138th St",
        "score": 3
      }
    },
    {
      "type": "Feature",
      "geometry": {
        "type": "Point",
        "coordinates": [
          -73.927947,
          40.814067
        ]
      },
      "properties": {
        "name": "WASTE CONNECTIONS - NEW YORK CITY",
        "cat": "Waste management service",
        "g": "dump",
        "addr": "2630 Park Ave",
        "score": 4.1
      }
    },
    {
      "type": "Feature",
      "geometry": {
        "type": "Point",
        "coordinates": [
          -73.9369236,
          40.7504952
        ]
      },
      "properties": {
        "name": "DumpStar Waste Management",
        "cat": "Waste management service",
        "g": "dump",
        "addr": "29-28 41st Ave Ste 35",
        "score": null
      }
    },
    {
      "type": "Feature",
      "geometry": {
        "type": "Point",
        "coordinates": [
          -73.8859057,
          40.8062584
        ]
      },
      "properties": {
        "name": "Ashpa Transfer LLC",
        "cat": "Recycling center",
        "g": "dump",
        "addr": "1264 Viele Ave",
        "score": 4.1
      }
    },
    {
      "type": "Feature",
      "geometry": {
        "type": "Point",
        "coordinates": [
          -73.8926416,
          40.8117197
        ]
      },
      "properties": {
        "name": "zevel transfer",
        "cat": "Waste management service",
        "g": "dump",
        "addr": "620 Truxton St",
        "score": 4.5
      }
    },
    {
      "type": "Feature",
      "geometry": {
        "type": "Point",
        "coordinates": [
          -73.93182,
          40.8183601
        ]
      },
      "properties": {
        "name": "New York Recycling",
        "cat": "Recycling center",
        "g": "dump",
        "addr": "475 Exterior St",
        "score": 5
      }
    },
    {
      "type": "Feature",
      "geometry": {
        "type": "Point",
        "coordinates": [
          -73.8847581,
          40.8083839
        ]
      },
      "properties": {
        "name": "A J Recycling Inc",
        "cat": "Recycling center",
        "g": "dump",
        "addr": "334 Faile St",
        "score": 4.3
      }
    },
    {
      "type": "Feature",
      "geometry": {
        "type": "Point",
        "coordinates": [
          -73.8885365,
          40.8067891
        ]
      },
      "properties": {
        "name": "Action Environmental Services",
        "cat": "Waste management service",
        "g": "dump",
        "addr": "315 Casanova St",
        "score": 4.1
      }
    },
    {
      "type": "Feature",
      "geometry": {
        "type": "Point",
        "coordinates": [
          -73.8857272,
          40.8052142
        ]
      },
      "properties": {
        "name": "J D Recycling owner",
        "cat": "Recycling center",
        "g": "dump",
        "addr": "216 Manida St",
        "score": 4.1
      }
    },
    {
      "type": "Feature",
      "geometry": {
        "type": "Point",
        "coordinates": [
          -73.8846252,
          40.8125635
        ]
      },
      "properties": {
        "name": "Avid Waste Systems",
        "cat": "Waste management service",
        "g": "dump",
        "addr": "1333 Randall Ave",
        "score": 2.6
      }
    },
    {
      "type": "Feature",
      "geometry": {
        "type": "Point",
        "coordinates": [
          -73.8832422,
          40.8185165
        ]
      },
      "properties": {
        "name": "Hugo Sims Recycling Bronx",
        "cat": "Recycling center",
        "g": "dump",
        "addr": "850 Edgewater Rd #868",
        "score": 5
      }
    },
    {
      "type": "Feature",
      "geometry": {
        "type": "Point",
        "coordinates": [
          -73.8848916,
          40.8074665
        ]
      },
      "properties": {
        "name": "La basura de construccion",
        "cat": "Waste management service",
        "g": "dump",
        "addr": "323 Faile St",
        "score": 5
      }
    },
    {
      "type": "Feature",
      "geometry": {
        "type": "Point",
        "coordinates": [
          -73.9362697,
          40.8161094
        ]
      },
      "properties": {
        "name": "The Junk Pros",
        "cat": "Waste management service",
        "g": "dump",
        "addr": "15 W 139th St",
        "score": 4.6
      }
    },
    {
      "type": "Feature",
      "geometry": {
        "type": "Point",
        "coordinates": [
          -73.9778027,
          40.7599932
        ]
      },
      "properties": {
        "name": "NY Dump Rentals",
        "cat": "Dumpster rental service",
        "g": "dump",
        "addr": "75 Rockefeller Plaza",
        "score": null
      }
    },
    {
      "type": "Feature",
      "geometry": {
        "type": "Point",
        "coordinates": [
          -73.8891259,
          40.8088401
        ]
      },
      "properties": {
        "name": "FCI WASTE SOLUTIONS INC",
        "cat": "Garbage collection service",
        "g": "dump",
        "addr": "429 Casanova St",
        "score": 3.5
      }
    },
    {
      "type": "Feature",
      "geometry": {
        "type": "Point",
        "coordinates": [
          -73.883569,
          40.815584
        ]
      },
      "properties": {
        "name": "Triple Crown Disposal LLC",
        "cat": "Garbage collection service",
        "g": "dump",
        "addr": "720 Whittier St",
        "score": null
      }
    },
    {
      "type": "Feature",
      "geometry": {
        "type": "Point",
        "coordinates": [
          -73.9147175,
          40.81269
        ]
      },
      "properties": {
        "name": "CONVENIENT JUNK REMOVAL",
        "cat": "Garbage collection service",
        "g": "dump",
        "addr": "545 E 146th St",
        "score": 5
      }
    },
    {
      "type": "Feature",
      "geometry": {
        "type": "Point",
        "coordinates": [
          -73.9290679,
          40.8086693
        ]
      },
      "properties": {
        "name": "Harlem River Yard Transfer Station",
        "cat": "Sanitation service",
        "g": "dump",
        "addr": "1-47 Lincoln Ave",
        "score": 4.9
      }
    },
    {
      "type": "Feature",
      "geometry": {
        "type": "Point",
        "coordinates": [
          -73.885702,
          40.819978
        ]
      },
      "properties": {
        "name": "Latin American Container Services",
        "cat": "Garbage collection service",
        "g": "dump",
        "addr": "911 Longfellow Ave",
        "score": null
      }
    },
    {
      "type": "Feature",
      "geometry": {
        "type": "Point",
        "coordinates": [
          -73.9768109,
          40.779441
        ]
      },
      "properties": {
        "name": "The Junkluggers of New York City",
        "cat": "Waste management service",
        "g": "dump",
        "addr": "",
        "score": 4.9
      }
    },
    {
      "type": "Feature",
      "geometry": {
        "type": "Point",
        "coordinates": [
          -73.840934,
          40.85166
        ]
      },
      "properties": {
        "name": "Dump On The Go",
        "cat": "Waste management service",
        "g": "dump",
        "addr": "",
        "score": null
      }
    },
    {
      "type": "Feature",
      "geometry": {
        "type": "Point",
        "coordinates": [
          -73.9114148,
          40.7979187
        ]
      },
      "properties": {
        "name": "Waste Services of New York Inc",
        "cat": "Garbage collection service",
        "g": "dump",
        "addr": "920 E 132nd St",
        "score": null
      }
    },
    {
      "type": "Feature",
      "geometry": {
        "type": "Point",
        "coordinates": [
          -73.8835663,
          40.8074561
        ]
      },
      "properties": {
        "name": "Dumpsters by Danna",
        "cat": "Ferry terminal",
        "g": "ferry",
        "addr": "318 Bryant Ave",
        "score": 4.2
      }
    },
    {
      "type": "Feature",
      "geometry": {
        "type": "Point",
        "coordinates": [
          -74.01183,
          40.7009
        ]
      },
      "properties": {
        "name": "Battery Maritime Building Slip 5",
        "cat": "Ferry terminal",
        "g": "ferry",
        "addr": "10 South St",
        "score": 4.6
      }
    },
    {
      "type": "Feature",
      "geometry": {
        "type": "Point",
        "coordinates": [
          -74.0076108,
          40.6692899
        ]
      },
      "properties": {
        "name": "GBX Gowanus Bay Terminal",
        "cat": "Ferry terminal",
        "g": "ferry",
        "addr": "South Red Hook, 699 Columbia St",
        "score": 3.6
      }
    },
    {
      "type": "Feature",
      "geometry": {
        "type": "Point",
        "coordinates": [
          -74.0072751,
          40.6819886
        ]
      },
      "properties": {
        "name": "Ceres Atlantic Terminals Inc",
        "cat": "Ferry terminal",
        "g": "ferry",
        "addr": "Pier 12 # 112",
        "score": 4
      }
    },
    {
      "type": "Feature",
      "geometry": {
        "type": "Point",
        "coordinates": [
          -74.0264416,
          40.6462626
        ]
      },
      "properties": {
        "name": "Sunset Park/Brooklyn Army Terminal",
        "cat": "Ferry terminal",
        "g": "ferry",
        "addr": "",
        "score": 4.6
      }
    },
    {
      "type": "Feature",
      "geometry": {
        "type": "Point",
        "coordinates": [
          -74.013379,
          40.6809925
        ]
      },
      "properties": {
        "name": "Red Hook/Atlantic Basin",
        "cat": "Ferry terminal",
        "g": "ferry",
        "addr": "",
        "score": 4.1
      }
    },
    {
      "type": "Feature",
      "geometry": {
        "type": "Point",
        "coordinates": [
          -74.011638,
          40.7013323
        ]
      },
      "properties": {
        "name": "Governors Island Ferry",
        "cat": "Ferry terminal",
        "g": "ferry",
        "addr": "10 South St Slip 7",
        "score": 4.7
      }
    },
    {
      "type": "Feature",
      "geometry": {
        "type": "Point",
        "coordinates": [
          -73.9632023,
          40.7314705
        ]
      },
      "properties": {
        "name": "Greenpoint",
        "cat": "Ferry terminal",
        "g": "ferry",
        "addr": "",
        "score": 4.2
      }
    },
    {
      "type": "Feature",
      "geometry": {
        "type": "Point",
        "coordinates": [
          -74.0725489,
          40.6440982
        ]
      },
      "properties": {
        "name": "St. George Ferry Terminal",
        "cat": "Ferry terminal",
        "g": "ferry",
        "addr": "1 Bay St",
        "score": 4.7
      }
    }
  ]
}
